Agareb|10.5847,34.8163;10.5187,34.8441;10.4253,34.8594;10.3095,34.8996;10.2799,34.8546;10.2895,34.8468;10.2672,34.8224;10.2932,34.7693;10.3058,34.7584;10.3031,34.7424;10.3249,34.6979;10.3113,34.7001;10.2950,34.6855;10.3095,34.6626;10.3067,34.6341;10.3273,34.6186;10.3307,34.6078;10.3613,34.5984;10.3672,34.6018;10.3669,34.6276;10.4018,34.6344;10.4238,34.6596;10.4275,34.6553;10.4766,34.6631;10.4786,34.6534;10.4969,34.6422;10.5003,34.6558;10.5115,34.6623;10.5581,34.6239;10.5823,34.6168;10.6135,34.5935;10.6505,34.6353;10.6584,34.6364;10.6631,34.6271;10.6726,34.6290;10.6279,34.6646;10.6196,34.6847;10.5869,34.6975;10.6182,34.7028;10.6153,34.7172;10.6282,34.7291;10.6411,34.7301;10.6436,34.7408;10.6167,34.7413;10.6216,34.7563;10.6086,34.7701;10.6184,34.7720;10.6075,34.7880;10.6152,34.7934;10.6109,34.8038;10.5847,34.8163
Akouda|10.5063,35.9354;10.5480,35.8993;10.5475,35.8804;10.5603,35.8633;10.5233,35.8474;10.5267,35.8430;10.5628,35.8465;10.5692,35.8606;10.5894,35.8663;10.5684,35.8923;10.5831,35.9018;10.5745,35.9137;10.5808,35.9163;10.5396,35.9646;10.5279,35.9691;10.5063,35.9569;10.5117,35.9396;10.5063,35.9354
Amdoun|8.9169,36.7839;8.9113,36.7781;8.9162,36.7733;8.9497,36.7644;8.9947,36.7658;9.0276,36.7499;9.0367,36.7249;9.0272,36.7063;9.0325,36.7012;9.0277,36.6950;9.0323,36.6840;9.0273,36.6844;9.0232,36.6683;9.0162,36.6677;9.0204,36.6592;9.0326,36.6587;9.0824,36.6865;9.0636,36.7133;9.0701,36.7248;9.1356,36.7700;9.1399,36.7799;9.1326,36.7822;9.1264,36.7980;9.1268,36.8275;9.1438,36.8463;9.1141,36.8551;9.1151,36.8468;9.0994,36.8347;9.1026,36.8296;9.0871,36.8188;9.0769,36.8346;9.0635,36.8397;9.0762,36.8524;9.0721,36.8615;9.0604,36.8665;9.0611,36.8751;9.0527,36.8840;9.0255,36.8967;9.0125,36.8854;9.0010,36.8858;8.9994,36.8757;8.9889,36.8753;8.9942,36.8589;8.9847,36.8479;8.9422,36.8384;8.9179,36.8061;8.9335,36.8036;8.9334,36.7899;8.9169,36.7839
Ariana Ville|10.1463,36.8548;10.1694,36.8405;10.2023,36.8504;10.2028,36.8590;10.1628,36.8899;10.1542,36.8907;10.1487,36.8763;10.1380,36.8689;10.1463,36.8548
Aïn Draham|8.6540,36.9157;8.6362,36.9089;8.6305,36.8969;8.6250,36.8538;8.6625,36.8520;8.6811,36.8390;8.6694,36.8173;8.6219,36.8008;8.6111,36.7909;8.5996,36.7987;8.5725,36.7732;8.5535,36.7788;8.5323,36.7743;8.5274,36.7826;8.4841,36.7795;8.4299,36.7595;8.4289,36.7487;8.4641,36.7484;8.4700,36.7414;8.4641,36.7354;8.4658,36.7252;8.4838,36.6987;8.4970,36.7034;8.5338,36.6955;8.5659,36.7043;8.6065,36.7410;8.6081,36.7315;8.6015,36.7251;8.6126,36.7133;8.6116,36.6972;8.6494,36.6728;8.6587,36.7014;8.6785,36.7159;8.6799,36.7309;8.6976,36.7242;8.7238,36.7440;8.7418,36.7470;8.7413,36.7354;8.7495,36.7230;8.7594,36.7236;8.7763,36.7085;8.8388,36.7242;8.8683,36.7242;8.8738,36.7400;8.8606,36.7368;8.8913,36.7647;8.8960,36.7792;8.9334,36.7899;8.9335,36.8036;8.8924,36.8072;8.8758,36.8149;8.8695,36.8256;8.8749,36.8343;8.8679,36.8602;8.8440,36.8669;8.7978,36.8404;8.7831,36.8460;8.7552,36.8406;8.7196,36.8623;8.7114,36.8517;8.6813,36.8698;8.6917,36.8769;8.6997,36.8945;8.6911,36.9088;8.6768,36.9012;8.6643,36.9163;8.6540,36.9157
Bab Bhar|10.1768,36.7930;10.2058,36.7785;10.2239,36.8029;10.1909,36.8117;10.1784,36.8227;10.1735,36.8098;10.1768,36.7930
Bab Souika|10.1551,36.7989;10.1684,36.8053;10.1752,36.8023;10.1745,36.8127;10.1487,36.8092;10.1551,36.7989
Balta-Bou Aouane|8.8197,36.7169;8.8213,36.6992;8.7859,36.6783;8.7743,36.6469;8.8021,36.6197;8.8091,36.6008;8.8120,36.6097;8.8292,36.6190;8.8398,36.6121;8.8553,36.6141;8.9194,36.6413;8.9201,36.6330;8.9331,36.6325;8.9216,36.6272;8.9277,36.6219;8.9242,36.6141;8.9574,36.6182;8.9610,36.6105;8.9751,36.6114;9.0044,36.6258;9.0097,36.6596;9.0181,36.6625;9.0162,36.6677;9.0232,36.6683;9.0273,36.6844;9.0323,36.6840;9.0277,36.6950;9.0325,36.7012;9.0272,36.7063;9.0367,36.7249;9.0276,36.7499;9.0185,36.7565;8.9947,36.7658;8.9444,36.7652;8.9162,36.7733;8.9113,36.7781;8.9169,36.7839;8.9079,36.7863;8.8606,36.7368;8.8738,36.7400;8.8683,36.7242;8.8388,36.7242;8.8197,36.7169
Bargou|9.7556,36.1136;9.7697,36.1439;9.7440,36.1598;9.7247,36.1635;9.7200,36.1985;9.6731,36.2294;9.6714,36.2172;9.6551,36.2157;9.6494,36.2243;9.6481,36.2150;9.6017,36.1843;9.5617,36.1764;9.5341,36.1812;9.5056,36.1673;9.4783,36.1711;9.4946,36.1419;9.4926,36.1327;9.5022,36.1184;9.4957,36.1085;9.5115,36.0742;9.4965,36.0650;9.4756,36.0225;9.5219,36.0196;9.5318,36.0108;9.5260,35.9854;9.5381,35.9850;9.5644,35.9980;9.5852,35.9854;9.5880,35.9736;9.6024,35.9739;9.6305,35.9952;9.6296,36.0038;9.6445,36.0162;9.7042,36.0503;9.7120,36.0637;9.7533,36.0901;9.7556,36.1136
Bekalta|11.0307,35.5544;11.0329,35.5807;11.0499,35.6243;11.0109,35.6370;10.9957,35.6231;10.9792,35.6259;10.9728,35.6178;10.9844,35.6128;10.9796,35.6057;10.9825,35.5893;10.9982,35.5552;11.0307,35.5544
Belkhir|9.4531,34.4814;9.4175,34.4826;9.4035,34.4934;9.4047,34.4996;9.3497,34.5069;9.3351,34.4941;9.3236,34.4992;9.3171,34.4895;9.3174,34.4656;9.3009,34.4555;9.2698,34.4519;9.2535,34.4292;9.2765,34.3807;9.3099,34.3723;9.3013,34.3624;9.3090,34.3415;9.2722,34.3216;9.2023,34.3341;9.1692,34.3176;9.1517,34.2871;9.1570,34.2518;9.1708,34.2231;9.1471,34.2375;9.1607,34.1654;9.2235,34.1718;9.2589,34.1956;9.3184,34.2206;9.3663,34.2219;9.3780,34.2292;9.3814,34.2223;9.4381,34.2104;9.4550,34.2176;9.4703,34.2163;9.4774,34.2272;9.5223,34.2279;9.5444,34.2395;9.5392,34.2516;9.5488,34.2605;9.5519,34.2778;9.5449,34.2935;9.5503,34.3151;9.5385,34.3517;9.5607,34.3695;9.5073,34.3817;9.4887,34.4460;9.4594,34.4640;9.4531,34.4814
Bembla|10.8197,35.6936;10.7995,35.7136;10.7651,35.7037;10.7472,35.7151;10.7199,35.7008;10.7240,35.6945;10.7144,35.6894;10.7121,35.6801;10.7349,35.6504;10.7638,35.6657;10.7594,35.6511;10.7701,35.6538;10.7780,35.6487;10.7956,35.6525;10.8086,35.6709;10.8038,35.6855;10.8197,35.6936
Ben Arous|10.2076,36.7488;10.2325,36.7311;10.2273,36.7442;10.2468,36.7555;10.2202,36.7666;10.2204,36.7587;10.2105,36.7565;10.2076,36.7488
Ben Guerdane|10.7200,33.0980;10.7421,33.1022;10.7585,33.0954;10.8552,33.0890;10.8722,33.0826;10.8976,33.0933;11.0059,33.0790;11.0163,33.0898;11.0363,33.0951;11.0335,33.0535;11.0216,33.0345;11.0379,33.0224;11.0398,32.9964;11.0926,32.9133;11.1153,32.8659;11.1097,32.8150;11.1217,32.7753;11.1267,32.7177;11.0848,32.6756;11.0964,32.6587;11.1445,32.5330;11.2023,32.4081;11.2257,32.3767;11.3255,32.3985;11.3420,32.3876;11.3354,32.3730;11.3087,32.3565;11.2879,32.3522;11.2567,32.3300;11.1812,32.3063;11.1553,32.2499;11.3728,32.3414;11.4621,32.3690;11.5188,32.4002;11.5489,32.4086;11.5725,32.4378;11.5950,32.4545;11.5999,32.5192;11.5517,32.5808;11.5048,32.6066;11.4903,32.6464;11.4779,32.6559;11.4943,32.6957;11.4875,32.7624;11.5014,32.8303;11.4955,32.9179;11.5154,32.9557;11.5187,32.9778;11.5277,32.9862;11.5197,33.0124;11.5270,33.0783;11.5605,33.1401;11.5615,33.1668;11.5242,33.1691;11.4829,33.1824;11.3269,33.2668;11.4423,33.1956;11.4448,33.1894;11.4388,33.1828;11.4452,33.1791;11.4174,33.1772;11.3911,33.1892;11.3704,33.1802;11.2632,33.2061;11.2128,33.2086;11.1856,33.2025;11.1671,33.2215;11.1680,33.2361;11.1595,33.2525;11.1360,33.2678;11.1141,33.2931;11.0574,33.2900;11.0516,33.2993;11.0052,33.3173;10.9897,33.3069;10.9629,33.3221;10.9276,33.3165;10.8020,33.3701;10.7724,33.3743;10.7410,33.3281;10.7353,33.2873;10.7253,33.2731;10.7134,33.2649;10.6551,33.2562;10.6474,33.2327;10.6376,33.2287;10.6326,33.2152;10.5705,33.1720;10.5664,33.1596;10.5235,33.1489;10.5590,33.1122;10.7200,33.0980
Bir Ali Ben Khalifa|10.0598,34.5258;10.0731,34.5225;10.0709,34.5446;10.1177,34.5540;10.1459,34.5759;10.1518,34.5741;10.1807,34.6031;10.1925,34.6068;10.1983,34.6203;10.2271,34.6121;10.2387,34.6153;10.2368,34.6206;10.2535,34.6160;10.2765,34.5818;10.2954,34.5686;10.3422,34.6018;10.3067,34.6341;10.3095,34.6626;10.2950,34.6855;10.3113,34.7001;10.3249,34.6979;10.3031,34.7424;10.3058,34.7584;10.2932,34.7693;10.2672,34.8224;10.2729,34.8337;10.2259,34.8456;10.1942,34.8466;10.1817,34.8363;10.1661,34.8362;10.1354,34.8503;10.0815,34.9459;10.0969,34.9736;10.1103,34.9811;10.0636,35.0033;10.0291,34.9487;10.0087,34.8971;9.9786,34.8722;9.9546,34.8310;9.9607,34.8281;9.9414,34.7779;9.9393,34.7561;9.9131,34.7512;9.9182,34.7206;9.8994,34.6795;9.9085,34.6653;9.8895,34.6626;9.8793,34.6437;9.9011,34.6327;9.8728,34.6073;9.8825,34.5925;9.9005,34.5981;9.9706,34.5675;9.9812,34.5474;9.9694,34.5381;10.0226,34.5352;10.0598,34.5258
Bir El Hafey|9.2696,35.0202;9.2386,35.0227;9.2043,35.0089;9.1798,35.0133;9.1505,34.9944;9.1221,34.9954;9.1003,34.9460;9.1038,34.9326;9.1178,34.9294;9.1197,34.9082;9.1297,34.9042;9.1969,34.8926;9.2325,34.8975;9.2247,34.8912;9.2345,34.8798;9.2166,34.8636;9.2175,34.8350;9.2437,34.8380;9.2761,34.8034;9.2891,34.7512;9.3176,34.7211;9.3311,34.7203;9.4223,34.7604;9.4042,34.7795;9.4060,34.8143;9.3947,34.8456;9.3273,34.8832;9.3342,34.9087;9.3860,34.9236;9.3955,34.9326;9.3683,34.9611;9.3611,35.0020;9.3343,35.0287;9.3246,35.0200;9.3005,35.0140;9.2696,35.0202
Bir Lahmar|10.4457,33.2071;10.4010,33.1919;10.3663,33.1682;10.3417,33.1664;10.3538,33.1365;10.3342,33.1303;10.3484,33.1085;10.3322,33.1031;10.3344,33.0696;10.3402,33.0614;10.3717,33.0739;10.4101,33.0681;10.4193,33.0915;10.4963,33.1044;10.5326,33.1383;10.5261,33.1515;10.5471,33.1511;10.5664,33.1596;10.5705,33.1720;10.6091,33.1970;10.6139,33.2037;10.4906,33.2147;10.4908,33.2348;10.4457,33.2071
Bir Mcherga|10.1399,36.6008;10.1030,36.5826;10.0902,36.5962;10.0435,36.6196;10.0353,36.6399;10.0238,36.6489;10.0289,36.6544;10.0175,36.6628;9.9808,36.6175;9.9498,36.6070;9.9356,36.5847;9.9025,36.5530;9.8888,36.5726;9.8640,36.5750;9.8387,36.5666;9.8240,36.5302;9.7971,36.5236;9.7840,36.5110;9.7756,36.4873;9.7594,36.4888;9.7517,36.4780;9.7329,36.4696;9.7397,36.4657;9.7355,36.4616;9.7392,36.4507;9.7543,36.4424;9.7855,36.4746;9.8109,36.4843;9.8432,36.4719;9.8671,36.4486;9.8859,36.4457;9.8981,36.4346;9.9179,36.4441;9.9135,36.4566;9.9320,36.4727;9.9459,36.4672;9.9443,36.4589;9.9573,36.4595;9.9564,36.4445;9.9710,36.4264;9.9595,36.4173;9.9442,36.4237;9.9340,36.4127;9.9394,36.3969;9.9494,36.3933;9.9744,36.4052;10.0050,36.4021;10.0128,36.4099;10.0493,36.4093;10.0674,36.4379;10.0631,36.4486;10.0826,36.4847;10.1415,36.4813;10.1762,36.4992;10.1929,36.5191;10.1651,36.5326;10.1642,36.5475;10.1524,36.5472;10.1511,36.5696;10.1453,36.5666;10.1432,36.5790;10.1477,36.5926;10.1453,36.6017;10.1399,36.6008
Bizerte Nord|9.8537,37.2636;9.8809,37.2724;9.8760,37.2786;9.8908,37.2783;9.8760,37.2874;9.8632,37.3343;9.8429,37.3331;9.8371,37.3387;9.7981,37.3272;9.7704,37.3316;9.7579,37.3211;9.7681,37.3028;9.7995,37.2983;9.8018,37.2919;9.8197,37.2927;9.8367,37.2856;9.8350,37.2796;9.8552,37.2784;9.8537,37.2636|8.8986,37.5191;8.9122,37.5137;8.9383,37.5242;8.9511,37.5164;8.9587,37.5272;8.9414,37.5420;8.9360,37.5324;8.9115,37.5300;8.8986,37.5191
Bizerte Sud|9.7829,37.2185;9.7989,37.2179;9.8099,37.2338;9.7996,37.2374;9.7829,37.2185|9.6117,37.1742;9.6145,37.1673;9.6186,37.1745;9.6146,37.1847;9.6346,37.1845;9.6370,37.1967;9.6545,37.2022;9.6800,37.1844;9.7099,37.1827;9.7524,37.1690;9.7665,37.1722;9.7755,37.1790;9.7729,37.1843;9.7819,37.1861;9.7875,37.2016;9.7858,37.2095;9.7848,37.2024;9.7761,37.2029;9.7750,37.2137;9.7676,37.2174;9.7706,37.2235;9.7805,37.2188;9.7772,37.2394;9.7919,37.2360;9.8135,37.2445;9.8241,37.2372;9.8193,37.2448;9.8593,37.2572;9.8503,37.2611;9.8569,37.2668;9.8552,37.2784;9.8350,37.2796;9.8367,37.2856;9.8197,37.2927;9.8018,37.2919;9.7995,37.2983;9.7681,37.3028;9.7579,37.3211;9.7704,37.3316;9.7602,37.3364;9.7558,37.3470;9.7035,37.3342;9.6695,37.3407;9.5887,37.2964;9.5735,37.2945;9.5608,37.3059;9.5360,37.2998;9.4742,37.2683;9.4807,37.2214;9.5020,37.2063;9.5073,37.1947;9.5262,37.2050;9.5367,37.1980;9.5528,37.2033;9.5843,37.1874;9.6073,37.1832;9.6117,37.1742
Borj El Amri|9.8072,36.6415;9.8163,36.6293;9.8101,36.6218;9.8174,36.6077;9.8478,36.6089;9.8614,36.5874;9.8837,36.5904;9.8940,36.6057;9.8937,36.6184;9.9287,36.6464;9.9075,36.6829;9.8864,36.6969;9.9155,36.7055;9.9003,36.7113;9.9247,36.7264;9.9010,36.7649;9.8790,36.7635;9.8760,36.7498;9.8404,36.7410;9.7968,36.7476;9.7685,36.7216;9.7880,36.7100;9.7757,36.6855;9.7988,36.6653;9.7967,36.6527;9.7854,36.6466;9.7969,36.6351;9.8072,36.6415
Bou Arada|9.4828,36.2473;9.4801,36.2397;9.5022,36.1998;9.5314,36.1773;9.6017,36.1843;9.6481,36.2150;9.6494,36.2243;9.5977,36.2501;9.5955,36.2605;9.6182,36.2675;9.6367,36.2886;9.6714,36.2895;9.7240,36.3147;9.7166,36.3338;9.7344,36.3498;9.7546,36.3564;9.7579,36.3864;9.7510,36.4074;9.7610,36.4102;9.7500,36.4289;9.7543,36.4424;9.7392,36.4507;9.7113,36.4404;9.6982,36.4461;9.6556,36.4273;9.6525,36.4109;9.6290,36.4261;9.5762,36.4266;9.5785,36.4188;9.5620,36.4089;9.5494,36.3828;9.5317,36.3719;9.5527,36.3715;9.5713,36.3501;9.5949,36.3420;9.5757,36.3341;9.5713,36.3233;9.5574,36.3151;9.5467,36.3194;9.5229,36.2957;9.5372,36.2801;9.5506,36.2777;9.5244,36.2656;9.5105,36.2439;9.4935,36.2517;9.4901,36.2618;9.4924,36.2566;9.4828,36.2473
Bou Argoub|10.6486,36.5204;10.6222,36.5444;10.6623,36.5718;10.6440,36.5923;10.6293,36.5906;10.6145,36.5972;10.5866,36.5781;10.5680,36.5825;10.5514,36.5773;10.5490,36.5668;10.5219,36.5467;10.4928,36.5410;10.5003,36.5233;10.4879,36.5093;10.5157,36.4915;10.5344,36.4974;10.5385,36.4840;10.5486,36.4773;10.5786,36.4916;10.5830,36.4791;10.5707,36.4589;10.5902,36.4702;10.6008,36.4601;10.6237,36.4612;10.6149,36.4649;10.6108,36.4765;10.6336,36.4968;10.6430,36.5244;10.6486,36.5204
Bou Salem|9.0204,36.6592;9.0097,36.6596;9.0044,36.6258;8.9751,36.6114;8.9610,36.6105;8.9574,36.6182;8.9242,36.6141;8.9277,36.6219;8.9216,36.6272;8.9331,36.6325;8.9201,36.6330;8.9194,36.6413;8.8376,36.6082;8.8458,36.5944;8.8626,36.5883;8.8698,36.5782;8.8971,36.5717;8.8930,36.5576;8.9018,36.5394;8.8930,36.5350;8.8976,36.5061;8.9231,36.4883;8.9397,36.4534;8.9982,36.4653;9.0367,36.4651;9.0406,36.4602;9.0520,36.4768;9.0438,36.4909;9.0507,36.5021;9.0431,36.5055;9.0664,36.5262;9.0753,36.5265;9.0675,36.5406;9.0768,36.5508;9.0676,36.5817;9.0759,36.5982;9.0613,36.6063;9.0426,36.6395;9.0311,36.6436;9.0204,36.6592
Bouficha|10.4601,36.1710;10.4682,36.1703;10.4782,36.2322;10.5061,36.3081;10.4963,36.3130;10.4962,36.3241;10.5319,36.3704;10.5065,36.3918;10.4747,36.3535;10.4546,36.3679;10.4258,36.3770;10.3673,36.3829;10.3669,36.3659;10.3753,36.3591;10.3667,36.3509;10.3676,36.3393;10.3815,36.3074;10.3909,36.3034;10.3729,36.2801;10.3570,36.2817;10.3620,36.2721;10.3892,36.2640;10.3807,36.2562;10.3779,36.2358;10.3628,36.2302;10.3475,36.2370;10.3378,36.2258;10.3218,36.2221;10.3150,36.2131;10.3185,36.1914;10.3319,36.1753;10.3451,36.1711;10.3483,36.1635;10.3580,36.1655;10.3633,36.1576;10.3751,36.1586;10.3733,36.1854;10.3848,36.1907;10.4601,36.1710
Bouhajla|9.9070,35.4502;9.8871,35.4159;9.9139,35.4100;9.8982,35.4009;9.9010,35.3884;9.9112,35.3932;9.9121,35.3607;9.9266,35.3391;9.9230,35.3302;9.9305,35.3179;9.9398,35.3149;9.9237,35.2901;9.9287,35.2841;9.9599,35.2727;9.9650,35.2819;9.9931,35.2824;10.0032,35.2759;10.0146,35.2520;10.0305,35.2520;10.0301,35.2589;10.0422,35.2524;10.0391,35.2379;10.0316,35.2371;10.0346,35.2119;10.0590,35.1975;10.0717,35.2138;10.0708,35.2338;10.0876,35.2414;10.0962,35.2424;10.1487,35.2034;10.1705,35.2193;10.1806,35.2156;10.2037,35.2206;10.1744,35.2666;10.2051,35.3205;10.1921,35.3353;10.1672,35.3453;10.1606,35.3570;10.1764,35.3876;10.1820,35.4215;10.1936,35.4329;10.2139,35.4361;10.2250,35.4566;10.2198,35.4716;10.2111,35.4670;10.1820,35.4765;10.1931,35.4941;10.1855,35.4997;10.1803,35.4966;10.1709,35.5097;10.1627,35.5670;10.1334,35.5443;10.1411,35.5135;10.0962,35.5018;10.0952,35.5077;10.0681,35.5039;10.0675,35.4947;10.0495,35.4909;10.0198,35.4868;10.0152,35.4939;9.9988,35.4783;9.9804,35.4728;9.9640,35.4440;9.9450,35.4559;9.9344,35.4483;9.9070,35.4502
Boumerdès|10.7952,35.3786;10.7987,35.3879;10.8224,35.3978;10.8264,35.4098;10.8503,35.4182;10.8514,35.4392;10.8259,35.4353;10.8252,35.4302;10.8153,35.4332;10.8085,35.4230;10.7813,35.4272;10.7816,35.4348;10.7597,35.4498;10.7536,35.4637;10.7309,35.4745;10.7355,35.4874;10.7180,35.4893;10.7121,35.4752;10.6979,35.4795;10.6974,35.4735;10.6837,35.4716;10.6842,35.4775;10.6723,35.4847;10.6610,35.4773;10.6402,35.4859;10.6381,35.5002;10.6211,35.4856;10.6124,35.4657;10.5716,35.4486;10.5746,35.4369;10.5676,35.4195;10.5850,35.4137;10.5890,35.4302;10.5984,35.4195;10.6178,35.4169;10.6192,35.3932;10.6273,35.3978;10.6346,35.3849;10.6567,35.3836;10.6662,35.3752;10.6767,35.3482;10.7122,35.3664;10.7163,35.3832;10.7502,35.3909;10.7441,35.4042;10.7310,35.4096;10.7599,35.4129;10.7713,35.4013;10.7799,35.4023;10.7952,35.3786
Boumhel El Bassatine|10.3203,36.7006;10.3166,36.7336;10.2747,36.7409;10.2565,36.7360;10.2532,36.7250;10.2642,36.7148;10.2827,36.7119;10.2902,36.6901;10.3203,36.7006
Béja Nord|9.3464,36.6984;9.3417,36.7078;9.3674,36.7249;9.3759,36.7468;9.3525,36.7556;9.3449,36.7669;9.3573,36.7845;9.3599,36.8075;9.3795,36.8337;9.3899,36.8381;9.3845,36.8494;9.3277,36.8856;9.3127,36.8715;9.2972,36.8811;9.2939,36.8923;9.2678,36.8951;9.2206,36.9220;9.2156,36.9161;9.1808,36.9182;9.1699,36.9038;9.1428,36.8908;9.1487,36.8819;9.1626,36.8818;9.1804,36.8669;9.1523,36.8537;9.1268,36.8275;9.1264,36.7980;9.1326,36.7822;9.1399,36.7799;9.1356,36.7700;9.0818,36.7344;9.0636,36.7133;9.0824,36.6865;9.1386,36.7092;9.1638,36.7260;9.1715,36.7264;9.1761,36.7152;9.1883,36.7269;9.2207,36.7365;9.2607,36.7314;9.2997,36.7043;9.3223,36.7010;9.3364,36.7067;9.3464,36.6984
Béja Sud|9.0204,36.6592;9.0311,36.6436;9.0426,36.6395;9.0689,36.5998;9.0847,36.6012;9.0925,36.5929;9.0967,36.5980;9.1044,36.5696;9.1179,36.5606;9.1290,36.5377;9.1585,36.5420;9.1804,36.5368;9.2000,36.5391;9.2283,36.5666;9.2368,36.5876;9.2503,36.5942;9.2643,36.6142;9.2600,36.6169;9.2658,36.6254;9.2761,36.6189;9.2898,36.6277;9.2981,36.6173;9.3064,36.6355;9.3228,36.6390;9.3296,36.6551;9.3232,36.6666;9.3305,36.6814;9.3487,36.6945;9.3364,36.7067;9.3223,36.7010;9.2997,36.7043;9.2607,36.7314;9.2207,36.7365;9.1883,36.7269;9.1761,36.7152;9.1715,36.7264;9.1638,36.7260;9.1386,36.7092;9.0723,36.6832;9.0444,36.6633;9.0204,36.6592
Béni Hassen|10.6381,35.5002;10.6402,35.4859;10.6610,35.4773;10.6723,35.4847;10.6842,35.4775;10.6837,35.4716;10.6974,35.4735;10.6979,35.4795;10.7121,35.4752;10.7180,35.4893;10.7355,35.4874;10.7391,35.5034;10.7545,35.4955;10.7600,35.5018;10.7822,35.4974;10.7837,35.5040;10.8004,35.5077;10.8041,35.5291;10.8469,35.5463;10.8441,35.5516;10.8520,35.5546;10.8333,35.5701;10.8358,35.5782;10.8280,35.5948;10.8223,35.5992;10.8077,35.5911;10.7984,35.5965;10.7912,35.5915;10.7989,35.5845;10.7924,35.5804;10.8011,35.5759;10.7877,35.5558;10.7402,35.5415;10.7244,35.5212;10.7168,35.5243;10.6970,35.5111;10.6791,35.5130;10.6762,35.5085;10.6823,35.5042;10.6381,35.5002
Béni Khalled|10.5236,36.6348;10.5336,36.6162;10.5531,36.6271;10.5815,36.6037;10.5789,36.5870;10.5680,36.5825;10.5866,36.5781;10.6145,36.5972;10.6293,36.5906;10.6579,36.5919;10.6858,36.5850;10.7115,36.6092;10.7005,36.6113;10.6974,36.6215;10.7149,36.6236;10.7208,36.6350;10.7430,36.6379;10.7376,36.6451;10.7413,36.6545;10.7265,36.6616;10.6971,36.6633;10.6861,36.6379;10.6426,36.6600;10.5824,36.6716;10.5711,36.6640;10.5607,36.6679;10.5429,36.6526;10.5509,36.6485;10.5236,36.6348
Béni Khedache|9.9168,33.2970;9.8938,33.2875;9.8286,33.2848;9.7916,33.2699;9.7273,33.2864;9.7096,33.2840;9.7902,33.2201;9.8575,33.2036;9.8993,33.2119;9.9101,33.2061;9.9166,33.1984;9.9135,33.1705;9.9189,33.1470;9.9100,33.0887;9.9154,33.0725;9.9068,33.0665;9.9420,33.0463;9.9602,33.0666;10.0844,33.0598;10.0993,33.0804;10.1355,33.0885;10.1443,33.0813;10.1605,33.0810;10.2513,33.1395;10.3067,33.1540;10.3231,33.1662;10.3663,33.1682;10.4010,33.1919;10.4424,33.2048;10.4473,33.2136;10.4085,33.2705;10.3668,33.3103;10.3469,33.3189;10.3285,33.3374;10.2964,33.3329;10.2649,33.3847;10.2509,33.4210;10.2349,33.4174;10.2168,33.4236;10.1575,33.4087;10.1337,33.3946;10.1450,33.3875;10.1204,33.3724;10.0993,33.3725;10.0932,33.3613;10.1066,33.3461;10.0537,33.3165;10.0364,33.3096;10.0248,33.3128;10.0007,33.2932;9.9168,33.2970
Béni Khiar|10.6949,36.5967;10.6858,36.5850;10.6859,36.5790;10.6969,36.5736;10.6942,36.5604;10.7110,36.5520;10.7159,36.5348;10.7646,36.4996;10.7549,36.4753;10.7675,36.4652;10.7700,36.4501;10.7988,36.4549;10.7967,36.4504;10.8085,36.4568;10.8358,36.5087;10.8041,36.5318;10.8039,36.5553;10.8218,36.5673;10.7954,36.5906;10.7906,36.5853;10.7956,36.5781;10.7602,36.5839;10.7478,36.5710;10.7284,36.5841;10.7013,36.5871;10.6949,36.5967
Carthage|10.3159,36.8572;10.3070,36.8523;10.3073,36.8444;10.3161,36.8475;10.3271,36.8362;10.3243,36.8458;10.3547,36.8690;10.3431,36.8798;10.3158,36.8646;10.3159,36.8572
Cebbala Ouled Asker|9.1978,35.3739;9.1576,35.3112;9.1504,35.2879;9.1960,35.2586;9.2035,35.2451;9.2489,35.2313;9.2749,35.2151;9.2381,35.1981;9.2523,35.1791;9.2537,35.1671;9.2429,35.1376;9.2631,35.1177;9.3026,35.1022;9.3239,35.0827;9.3636,35.1298;9.3611,35.1392;9.3820,35.2235;9.3535,35.2438;9.3222,35.2499;9.2964,35.2926;9.2747,35.3054;9.2385,35.3533;9.2109,35.3613;9.1978,35.3739
Chebba|10.9797,35.2636;10.9929,35.2485;11.0060,35.2066;11.0868,35.1605;11.0821,35.1693;11.1087,35.1940;11.1086,35.2113;11.1179,35.2228;11.1344,35.2275;11.1500,35.2221;11.1580,35.2327;11.1664,35.2307;11.1301,35.2471;11.0757,35.2891;11.0605,35.2764;11.0474,35.2838;11.0262,35.2750;11.0162,35.2848;10.9912,35.2811;10.9797,35.2636
Chebika|9.8395,35.7435;9.8650,35.7172;9.8542,35.7017;9.8640,35.6926;9.8640,35.6747;9.8621,35.6629;9.8448,35.6537;9.8411,35.6417;9.8199,35.6347;9.8260,35.6274;9.8309,35.5927;9.7698,35.5836;9.7553,35.5750;9.7610,35.5627;9.8002,35.5339;9.8198,35.4902;9.8852,35.5087;9.9126,35.4903;9.9599,35.5444;9.9825,35.5401;9.9850,35.5337;10.0039,35.5266;10.0409,35.5402;10.0585,35.5820;10.0285,35.5822;10.0129,35.5940;10.0407,35.6176;9.9896,35.6157;9.9889,35.6279;9.9801,35.6362;9.9619,35.6392;10.0101,35.6626;10.0164,35.6817;9.9986,35.6812;10.0067,35.6978;9.9707,35.7058;9.9757,35.7389;9.9864,35.7569;9.9466,35.8062;9.9245,35.8189;9.9053,35.8118;9.8616,35.8275;9.8679,35.8203;9.8570,35.8134;9.8417,35.7835;9.8395,35.7435
Chorbane|10.3713,35.3450;10.3559,35.3509;10.3488,35.3646;10.3490,35.3321;10.3433,35.3415;10.3354,35.3218;10.3262,35.3291;10.3208,35.3201;10.3023,35.3141;10.2788,35.2945;10.2695,35.2779;10.2861,35.2635;10.2928,35.2335;10.2984,35.2371;10.3051,35.2283;10.3269,35.2212;10.3610,35.1929;10.3428,35.1620;10.3187,35.1462;10.3352,35.1322;10.3641,35.1323;10.3941,35.1004;10.4108,35.0901;10.4274,35.0889;10.4764,35.1315;10.5292,35.1427;10.5559,35.1560;10.5920,35.1861;10.5531,35.2349;10.5319,35.2357;10.5036,35.2610;10.4795,35.2608;10.4745,35.2691;10.4785,35.2736;10.4684,35.2821;10.4798,35.3008;10.4647,35.3093;10.4821,35.3178;10.4765,35.3406;10.4269,35.3106;10.4373,35.3030;10.4295,35.3012;10.4381,35.2894;10.4238,35.2816;10.4141,35.2917;10.4184,35.2981;10.4042,35.2981;10.4103,35.3026;10.3816,35.3272;10.3872,35.3411;10.3713,35.3450
Cité El Khadra|10.2023,36.8504;10.1833,36.8481;10.1784,36.8227;10.1839,36.8157;10.2239,36.8029;10.2721,36.8105;10.2392,36.8578;10.2440,36.8617;10.2311,36.8569;10.2350,36.8711;10.2143,36.8599;10.2126,36.8485;10.2023,36.8504
Dahmani|8.9800,35.9752;8.9698,35.9920;8.9721,36.0042;8.9436,36.0229;8.9336,36.0648;8.9230,36.0796;8.8779,36.0501;8.8674,36.0497;8.8505,36.0670;8.8349,36.0386;8.8042,36.0419;8.7773,36.0922;8.7681,36.0981;8.7455,36.0972;8.7194,36.0723;8.6933,36.0681;8.6926,36.0491;8.6998,36.0380;8.6961,36.0242;8.7023,36.0219;8.6891,36.0038;8.6962,35.9839;8.7155,35.9706;8.7374,35.9226;8.7255,35.9043;8.7305,35.8915;8.7119,35.8796;8.7200,35.8562;8.7431,35.8225;8.7618,35.8069;8.7086,35.7891;8.7101,35.7753;8.7358,35.7704;8.7587,35.7744;8.7709,35.7840;8.7976,35.7761;8.8065,35.7949;8.8581,35.8313;8.8657,35.8503;8.8622,35.8562;8.8840,35.8655;8.8897,35.8858;8.8826,35.8855;8.8773,35.9054;8.8505,35.9296;8.8588,35.9431;8.8645,35.9364;8.8825,35.9373;8.8846,35.9249;8.9602,35.8773;8.9653,35.8801;8.9267,35.9323;8.9274,35.9433;8.9800,35.9752
Dar Chaâbane El Fehri|10.7528,36.4442;10.7700,36.4501;10.7675,36.4652;10.7549,36.4753;10.7646,36.4996;10.7159,36.5348;10.7110,36.5520;10.6942,36.5604;10.6969,36.5736;10.6859,36.5790;10.6858,36.5850;10.6459,36.5908;10.6623,36.5718;10.6222,36.5444;10.6510,36.5182;10.6738,36.5388;10.6905,36.5334;10.6944,36.5134;10.6901,36.5031;10.7179,36.4875;10.7528,36.4442
Degache|8.0649,34.3021;7.9781,34.2899;7.9413,34.3109;7.9461,34.2978;8.0048,34.2184;8.0313,34.1998;8.0312,34.1868;8.0407,34.1876;8.0483,34.1804;8.0280,34.1661;8.0855,34.0896;8.0977,34.0349;8.1390,33.9874;8.1500,33.9929;8.1562,33.9777;8.1790,33.9747;8.1868,33.9579;8.1942,33.9635;8.2137,33.9096;8.3178,33.7568;8.4324,33.8415;8.4472,33.8606;8.5467,33.9237;8.6048,33.9937;8.6300,34.0151;8.6481,34.0506;8.6477,34.0608;8.6322,34.0674;8.5583,34.0604;8.4716,34.0677;8.4118,34.0632;8.3871,34.0529;8.3489,34.0531;8.3338,34.0834;8.3437,34.1076;8.3277,34.1223;8.3284,34.1571;8.2903,34.1503;8.1548,34.2022;8.1516,34.2201;8.1220,34.2616;8.0649,34.3021
Dhehiba|10.7808,32.4627;10.7233,32.3850;10.7168,32.3364;10.7091,32.3205;10.7197,32.3146;10.7269,32.2920;10.7183,32.2738;10.7204,32.2651;10.6803,32.2227;10.6806,32.2000;10.6656,32.2021;10.6595,32.1889;10.5903,32.1693;10.5560,32.1515;10.4973,32.0779;10.4887,32.0328;10.4730,32.0184;10.4748,32.0011;10.4270,32.0070;10.4132,31.9986;10.3585,32.0047;10.2837,31.9602;10.2632,31.9403;10.2410,31.9378;10.2107,31.9154;10.1560,31.9199;10.1049,31.8964;10.0870,31.8736;10.0955,31.8547;10.0826,31.8210;10.0228,31.7768;9.9816,31.7017;10.1370,31.4632;10.1339,31.4787;10.1390,31.4901;10.2123,31.5660;10.2671,31.6472;10.2763,31.6724;10.3118,31.7031;10.3861,31.7405;10.4691,31.7320;10.4862,31.7391;10.4989,31.7542;10.5083,31.7427;10.5268,31.7408;10.5466,31.7604;10.5616,31.7794;10.5632,31.7972;10.5850,31.8241;10.6181,31.8501;10.6349,31.8793;10.6275,31.9000;10.6132,31.9092;10.6239,31.9161;10.6126,31.9163;10.6284,31.9248;10.6312,31.9285;10.6247,31.9285;10.6303,31.9392;10.6380,31.9331;10.6339,31.9416;10.6426,31.9441;10.6333,31.9445;10.6387,31.9521;10.6328,31.9576;10.6444,31.9611;10.6476,31.9663;10.6406,31.9678;10.6489,31.9691;10.6472,31.9743;10.6795,31.9768;10.7223,31.9677;10.7473,31.9853;10.7951,31.9981;10.8610,32.0856;10.8614,32.1053;10.9879,32.1717;11.0292,32.1997;11.1553,32.2499;11.1812,32.3063;11.1521,32.3120;11.0868,32.3092;10.9740,32.2964;10.9000,32.3064;10.8306,32.3674;10.7808,32.4627
Djedeida|9.8516,36.9574;9.8577,36.9349;9.8842,36.9170;9.8602,36.8704;9.8974,36.8362;9.8884,36.8217;9.8671,36.8176;9.8723,36.7951;9.8803,36.7897;9.8578,36.7675;9.8658,36.7495;9.8760,36.7498;9.8790,36.7635;9.9260,36.7639;9.9213,36.7758;9.9276,36.7791;9.9256,36.7923;9.9808,36.7982;9.9928,36.7805;10.0038,36.7869;9.9894,36.8069;9.9758,36.8040;9.9812,36.8115;9.9679,36.8124;9.9633,36.8435;9.9789,36.8466;9.9756,36.8588;9.9909,36.8580;9.9970,36.8772;10.0050,36.8809;10.0112,36.8971;10.0005,36.9180;9.9799,36.9264;9.9437,36.9146;9.9269,36.9532;9.9165,36.9495;9.8516,36.9574
Djerba Ajim|10.7489,33.8405;10.7494,33.7982;10.7275,33.7636;10.7411,33.7161;10.7494,33.7166;10.7610,33.6995;10.7804,33.7037;10.7898,33.6968;10.7908,33.7221;10.8143,33.7363;10.8300,33.7368;10.8770,33.6907;10.8798,33.6786;10.8689,33.6539;10.8736,33.6386;10.8868,33.6314;10.8917,33.6677;10.9153,33.6798;10.8663,33.7379;10.8778,33.7708;10.8612,33.7920;10.8436,33.7896;10.8508,33.8131;10.8418,33.8202;10.8034,33.8230;10.7728,33.8383;10.7712,33.8451;10.7489,33.8405
Djerba Houmet Souk|10.8612,33.7920;10.8832,33.8012;10.8984,33.8166;10.9057,33.8081;10.9199,33.8135;10.9286,33.8075;10.9493,33.8119;10.9477,33.8182;10.9663,33.8263;10.9728,33.8398;10.9916,33.8513;10.9855,33.8586;10.9295,33.8983;10.8923,33.9151;10.9318,33.8960;10.9278,33.8938;10.9360,33.8829;10.9319,33.8751;10.8757,33.8777;10.8582,33.8902;10.8535,33.8868;10.7931,33.9030;10.7934,33.8984;10.7443,33.8883;10.7411,33.8787;10.7478,33.8806;10.7452,33.8704;10.7513,33.8608;10.7429,33.8547;10.7489,33.8405;10.7712,33.8451;10.7728,33.8383;10.8034,33.8230;10.8418,33.8202;10.8508,33.8131;10.8436,33.7896;10.8612,33.7920
Djerba Midoun|10.9153,33.6798;10.9262,33.6561;10.9159,33.6784;10.9397,33.6942;10.9531,33.7233;10.9671,33.7276;10.9702,33.7105;10.9651,33.6938;10.9684,33.6889;10.9727,33.6937;10.9667,33.6807;10.9739,33.6828;10.9862,33.6985;10.9877,33.7289;10.9974,33.7520;11.0213,33.7579;11.0309,33.7700;11.0603,33.7824;11.0560,33.8251;11.0360,33.8329;11.0190,33.8316;10.9916,33.8513;10.9728,33.8398;10.9663,33.8263;10.9477,33.8182;10.9493,33.8119;10.9286,33.8075;10.9199,33.8135;10.9057,33.8081;10.8984,33.8166;10.8832,33.8012;10.8612,33.7920;10.8778,33.7708;10.8663,33.7379;10.9153,33.6798
Douar Hicher|10.0821,36.8553;10.0760,36.8551;10.0671,36.8333;10.0601,36.8321;10.0672,36.8248;10.1041,36.8158;10.0821,36.8553
Douz Nord|9.5409,33.6019;9.5115,33.5979;9.4673,33.5610;9.3662,33.5757;9.2797,33.5212;9.0823,33.5148;8.9373,33.5201;8.9244,33.5197;8.9292,33.5109;8.9753,33.4597;8.9970,33.4553;9.0024,33.4312;9.0623,33.4262;9.2038,33.3501;9.3174,33.2647;9.6816,33.0223;9.8900,32.8945;9.9432,32.8888;9.9408,32.9176;9.9328,32.9229;9.9382,32.9341;9.9310,32.9416;9.9365,32.9519;9.9960,32.9640;10.0117,32.9773;9.9951,32.9930;9.9628,32.9927;9.9366,33.0036;9.9274,33.0337;9.9169,33.0468;9.8935,33.0523;9.8965,33.0652;9.9154,33.0725;9.9100,33.0887;9.9189,33.1470;9.9135,33.1705;9.9166,33.1984;9.8993,33.2119;9.8575,33.2036;9.7902,33.2201;9.7096,33.2840;9.6483,33.3502;9.6223,33.4192;9.5708,33.4397;9.5500,33.4626;9.5351,33.4673;9.5046,33.4922;9.4883,33.4951;9.5017,33.5018;9.5314,33.4975;9.5474,33.5147;9.5448,33.5227;9.5598,33.5541;9.5802,33.5661;9.5904,33.5838;9.6168,33.5908;9.5814,33.5943;9.5652,33.5855;9.5409,33.6019
Douz Sud|9.9505,32.6476;9.9640,32.6600;9.9631,32.6849;9.9127,32.7095;9.8975,32.7281;9.8799,32.7352;9.8954,32.7400;9.9024,32.7520;9.9234,32.7635;9.9242,32.7801;9.9127,32.7941;9.9123,32.8108;9.9293,32.8195;9.9431,32.8152;9.9714,32.8556;9.9432,32.8888;9.8900,32.8945;9.6816,33.0223;9.3174,33.2647;9.2038,33.3501;9.0623,33.4262;9.0024,33.4312;8.9970,33.4553;8.9753,33.4597;8.9605,33.4720;8.9385,33.5052;8.9300,33.4956;8.8909,33.4897;8.8712,33.4981;8.8519,33.4782;8.8574,33.4626;8.8438,33.4524;8.8340,33.4644;8.7896,33.4437;8.7697,33.4425;8.7312,33.4275;8.7383,33.3955;8.8025,33.3929;8.8169,33.3831;8.8097,33.3700;8.8224,33.3585;8.8265,33.3447;8.8527,33.3341;8.8618,33.2870;8.8574,33.2804;8.8639,33.2709;8.8594,33.2623;8.8783,33.2330;8.8742,33.2189;8.9264,33.0048;8.9388,32.9997;8.9350,32.9876;8.9408,32.9815;8.9398,32.9608;8.9453,32.9484;8.9569,32.9418;8.9581,32.9153;8.9690,32.9021;8.9655,32.8956;8.9798,32.8692;8.9963,32.8092;9.0090,32.8057;9.0066,32.7858;9.0153,32.7822;9.0127,32.7672;9.0275,32.7607;9.0265,32.7386;9.0503,32.7188;9.0550,32.6963;9.0376,32.6638;9.0560,32.6637;9.0684,32.6533;9.0674,32.6243;9.2113,32.6489;9.4715,32.7069;9.5217,32.7289;9.5595,32.7550;9.5897,32.7612;9.5969,32.7553;9.6134,32.7680;9.6409,32.7768;9.6496,32.7731;9.6577,32.7803;9.6793,32.7833;9.6791,32.7924;9.7099,32.8006;9.7149,32.7934;9.7374,32.7968;9.7500,32.7876;9.7576,32.7913;9.7683,32.7867;9.7746,32.7688;9.7912,32.7571;9.8074,32.7217;9.8281,32.7270;9.8397,32.7176;9.8418,32.7034;9.8609,32.7020;9.8708,32.6928;9.9010,32.6831;9.9019,32.6708;9.9142,32.6585;9.9350,32.6476;9.9505,32.6476
Echrarda|10.0077,35.0425;10.0633,35.0202;10.0534,35.0439;10.0578,35.0577;10.1349,35.1192;10.1431,35.1167;10.1502,35.1368;10.1729,35.1374;10.2229,35.1530;10.2106,35.1868;10.2206,35.1976;10.2037,35.2206;10.1806,35.2156;10.1705,35.2193;10.1487,35.2034;10.0962,35.2424;10.0876,35.2414;10.0708,35.2338;10.0717,35.2138;10.0590,35.1975;10.0346,35.2119;10.0316,35.2371;10.0391,35.2379;10.0422,35.2524;10.0301,35.2589;10.0305,35.2520;10.0146,35.2520;10.0032,35.2759;9.9931,35.2824;9.9650,35.2819;9.9561,35.2606;9.9619,35.2527;9.9649,35.2159;9.9593,35.2054;9.9676,35.2024;9.9736,35.1818;10.0015,35.1645;9.9948,35.1551;9.9971,35.1265;9.9921,35.1208;10.0023,35.1029;9.9941,35.0842;10.0129,35.0661;10.0058,35.0524;10.0174,35.0506;10.0077,35.0425
El Alia|9.9952,37.1070;10.0139,37.1197;10.0127,37.1294;10.0488,37.1436;10.0471,37.1670;10.0684,37.2091;10.0477,37.2150;10.0402,37.2021;10.0299,37.2042;10.0147,37.1867;9.9903,37.2025;9.9809,37.1852;9.9719,37.1898;9.9609,37.1776;9.9572,37.1612;9.9290,37.1508;9.9323,37.1401;9.9140,37.1243;9.9247,37.1124;9.9484,37.1079;9.9632,37.1154;9.9862,37.1015;9.9891,37.1081;9.9952,37.1070
El Alâa|9.5614,35.6753;9.5468,35.6798;9.5369,35.6994;9.5378,35.7221;9.5453,35.7315;9.5428,35.7433;9.5223,35.7383;9.5207,35.7289;9.5160,35.7338;9.4680,35.7294;9.4697,35.7247;9.4546,35.7202;9.4568,35.7133;9.4427,35.7082;9.4330,35.7125;9.3980,35.6879;9.3608,35.7050;9.3357,35.7012;9.2926,35.7224;9.2755,35.7169;9.2696,35.7012;9.3062,35.6542;9.3484,35.6297;9.3695,35.5975;9.3893,35.5960;9.3923,35.5820;9.4087,35.5711;9.4519,35.5868;9.4535,35.5979;9.4641,35.6024;9.4778,35.5930;9.5036,35.5965;9.5493,35.5695;9.5540,35.5382;9.5723,35.5151;9.5758,35.5387;9.5851,35.5531;9.6096,35.5692;9.6083,35.5778;9.6303,35.5880;9.6259,35.6031;9.6114,35.6093;9.6473,35.6183;9.6301,35.6389;9.5529,35.6387;9.5427,35.6556;9.5646,35.6639;9.5614,35.6753
El Amra|10.8442,35.0162;10.8597,35.0054;10.8583,34.9883;10.8450,34.9943;10.8370,34.9862;10.8075,34.9976;10.7946,34.9744;10.8012,34.9265;10.8150,34.9058;10.8149,34.8924;10.8259,34.8810;10.8330,34.8860;10.8434,34.8782;10.8457,34.8853;10.8656,34.8687;10.8604,34.8588;10.8838,34.8387;10.8870,34.8510;10.9080,34.8705;10.9198,34.8663;10.9093,34.8710;10.9205,34.8837;10.9246,34.9013;10.9249,34.9674;10.9706,34.9992;10.9441,35.0159;10.9338,35.0112;10.9235,35.0185;10.9211,35.0136;10.9270,35.0100;10.9203,35.0086;10.8718,35.0342;10.8604,35.0269;10.8600,35.0137;10.8422,35.0216;10.8442,35.0162
El Aroussa|9.3153,36.3728;9.3187,36.3596;9.3404,36.3477;9.3464,36.3341;9.3644,36.3382;9.3720,36.3299;9.3780,36.3331;9.3859,36.3238;9.3933,36.3248;9.3943,36.3088;9.4119,36.3020;9.4109,36.2958;9.4321,36.2680;9.4828,36.2473;9.4924,36.2566;9.4901,36.2618;9.4935,36.2517;9.5105,36.2439;9.5244,36.2656;9.5506,36.2777;9.5372,36.2801;9.5229,36.2957;9.5467,36.3194;9.5574,36.3151;9.5713,36.3233;9.5757,36.3341;9.5949,36.3420;9.5713,36.3501;9.5527,36.3715;9.5317,36.3719;9.5494,36.3828;9.5620,36.4089;9.5785,36.4188;9.5647,36.4373;9.5407,36.4438;9.5312,36.4548;9.5094,36.4638;9.4633,36.4497;9.4528,36.4597;9.4304,36.4625;9.3955,36.4422;9.3612,36.4393;9.3620,36.4191;9.3407,36.4031;9.3425,36.3906;9.3153,36.3728
El Ayoun|8.8212,35.3625;8.8598,35.3777;8.8567,35.3811;8.8694,35.3887;8.8666,35.3951;8.9159,35.4284;8.9416,35.4284;8.9896,35.4637;9.0118,35.4655;9.0122,35.5005;9.0178,35.5005;9.0069,35.5068;8.9995,35.5362;8.9797,35.5424;8.9826,35.5496;9.0049,35.5606;9.0036,35.5885;8.9885,35.5903;8.9569,35.6136;8.9487,35.6092;8.9286,35.6165;8.8979,35.6165;8.9013,35.6037;8.8954,35.5902;8.8738,35.5835;8.8599,35.5861;8.8680,35.5963;8.8626,35.6107;8.8323,35.6146;8.8008,35.6060;8.7854,35.6095;8.7584,35.5686;8.8066,35.5042;8.8089,35.4721;8.8005,35.4562;8.8070,35.4476;8.8033,35.4162;8.8212,35.3625
El Battan|9.7749,36.7296;9.7898,36.7359;9.7968,36.7476;9.8404,36.7410;9.8653,36.7504;9.8578,36.7675;9.8803,36.7897;9.8598,36.8175;9.8537,36.8178;9.8482,36.8083;9.8282,36.8157;9.8321,36.8286;9.8105,36.8288;9.8062,36.8154;9.7755,36.8244;9.7587,36.8204;9.7170,36.8080;9.7145,36.7942;9.6643,36.7816;9.6515,36.7857;9.6470,36.8040;9.6427,36.8035;9.6300,36.7936;9.6275,36.7808;9.6165,36.7766;9.6469,36.7577;9.6813,36.7543;9.7082,36.7437;9.7138,36.7333;9.7379,36.7226;9.7418,36.7121;9.7623,36.7309;9.7749,36.7296
El Fahs|10.0421,36.2089;10.0437,36.2339;10.0520,36.2502;10.0640,36.2313;10.0777,36.2426;10.0923,36.2440;10.0914,36.2581;10.0637,36.2645;10.0584,36.3052;10.0378,36.3043;10.0112,36.3147;10.0018,36.3253;10.0166,36.3569;10.0100,36.3653;10.0050,36.4021;9.9744,36.4052;9.9494,36.3933;9.9333,36.4026;9.9340,36.4127;9.9442,36.4237;9.9595,36.4173;9.9710,36.4264;9.9564,36.4445;9.9573,36.4595;9.9443,36.4589;9.9459,36.4672;9.9320,36.4727;9.9135,36.4566;9.9179,36.4441;9.8981,36.4346;9.8859,36.4457;9.8671,36.4486;9.8257,36.4809;9.7976,36.4827;9.7495,36.4369;9.7610,36.4102;9.7510,36.4074;9.7579,36.3864;9.7546,36.3564;9.7344,36.3498;9.7166,36.3338;9.7240,36.3147;9.6714,36.2895;9.6367,36.2886;9.6182,36.2675;9.5947,36.2560;9.6151,36.2394;9.6370,36.2348;9.6551,36.2157;9.6714,36.2172;9.6731,36.2294;9.7200,36.1985;9.7247,36.1635;9.7440,36.1598;9.7697,36.1439;9.7556,36.1136;9.7793,36.1022;9.8078,36.1068;9.8254,36.0895;9.8287,36.0550;9.8426,36.0638;9.8432,36.0738;9.8743,36.0741;9.8659,36.0813;9.8713,36.0882;9.8433,36.1128;9.8478,36.1263;9.8382,36.1297;9.8700,36.1552;9.8972,36.1616;9.8983,36.1954;9.9203,36.2045;9.9510,36.2034;9.9829,36.2230;10.0025,36.2174;10.0208,36.2207;10.0172,36.2103;10.0421,36.2089
El Faouar|9.0674,32.6243;9.0684,32.6533;9.0560,32.6637;9.0376,32.6638;9.0550,32.6963;9.0503,32.7188;9.0265,32.7386;9.0275,32.7607;9.0127,32.7672;9.0153,32.7822;9.0066,32.7858;9.0090,32.8057;8.9963,32.8092;8.9798,32.8692;8.9655,32.8956;8.9690,32.9021;8.9581,32.9153;8.9569,32.9418;8.9453,32.9484;8.9398,32.9608;8.9408,32.9815;8.9350,32.9876;8.9388,32.9997;8.9264,33.0048;8.8742,33.2189;8.8783,33.2330;8.8594,33.2623;8.8639,33.2709;8.8574,33.2804;8.8618,33.2870;8.8527,33.3341;8.8265,33.3447;8.8224,33.3585;8.8097,33.3700;8.8169,33.3831;8.8025,33.3929;8.7383,33.3955;8.7312,33.4275;8.7697,33.4425;8.7896,33.4437;8.8340,33.4644;8.8438,33.4524;8.8574,33.4626;8.8584,33.4715;8.8287,33.5099;8.7995,33.5107;8.7727,33.5251;8.5909,33.7297;8.3823,33.8031;8.3178,33.7568;8.2245,33.7177;8.0286,33.5740;7.8473,33.4566;7.7366,33.4247;7.7326,33.3747;7.7492,33.3274;7.7778,33.3236;7.7896,33.2800;7.8322,33.1881;7.9057,33.1845;8.1173,33.0998;8.1161,33.0498;8.1690,33.0050;8.2472,32.9244;8.3226,32.8235;8.3568,32.5026;9.0674,32.6243
El Guettar|8.8459,34.3412;8.8467,34.3208;8.8317,34.2884;8.7774,34.2725;8.7965,34.2567;8.8026,34.2401;8.7900,34.1935;8.7710,34.1559;8.8065,34.1684;8.8094,34.1812;8.8188,34.1831;8.8159,34.1869;8.8300,34.1887;8.8238,34.1925;8.8641,34.2062;8.8763,34.1728;8.8852,34.1677;8.8711,34.1544;8.8744,34.1305;8.8655,34.1211;8.9571,34.1158;9.0168,34.1221;9.1282,34.1652;9.1607,34.1654;9.1471,34.2375;9.1708,34.2231;9.1570,34.2518;9.1517,34.2871;9.1692,34.3176;9.2023,34.3341;9.2722,34.3216;9.2802,34.3247;9.3090,34.3415;9.3013,34.3624;9.3099,34.3723;9.2765,34.3807;9.2577,34.4258;9.2437,34.4288;9.2056,34.4001;9.1376,34.3939;9.0923,34.3796;9.0409,34.3823;9.0004,34.3998;8.9807,34.3983;8.9060,34.3696;8.8745,34.3435;8.8459,34.3412
El Hamma|9.9109,33.9119;9.9127,33.9400;9.9035,33.9551;9.9076,33.9966;9.8749,33.9980;9.8569,34.0127;9.7910,34.0168;9.7939,34.0258;9.7841,34.0373;9.7352,34.0404;9.7233,34.0335;9.6738,34.0729;9.6354,34.1219;9.6242,34.1262;9.5742,34.1285;9.5208,34.1224;9.4739,34.1039;9.4711,34.0979;9.3980,34.0809;9.3637,34.0910;9.3517,34.1036;9.3508,34.1131;9.3396,34.1119;9.3275,34.1066;9.3183,34.0913;9.3015,34.0920;9.2720,34.0732;9.2760,34.0658;9.2625,34.0590;9.2528,34.0384;9.2481,33.9292;9.2722,33.8704;9.3339,33.7728;9.3396,33.7361;9.3509,33.7106;9.4244,33.6937;9.4431,33.6840;9.4637,33.6244;9.5390,33.6353;9.5342,33.6160;9.5409,33.6019;9.6077,33.6390;9.7184,33.6841;9.7419,33.6806;9.7603,33.6565;9.8010,33.6623;9.9351,33.7394;9.9352,33.7469;9.9661,33.7657;9.9488,33.7738;9.9341,33.7923;9.9389,33.8154;9.9086,33.8541;9.9109,33.9119
El Haouaria|10.7659,36.9103;10.8026,36.8894;10.8085,36.8781;10.8070,36.8672;10.7993,36.8687;10.7979,36.8592;10.7849,36.8577;10.7814,36.8509;10.8129,36.8489;10.8242,36.8551;10.8383,36.8281;10.8623,36.8211;10.8656,36.8411;10.8764,36.8360;10.8863,36.8398;10.9105,36.8866;10.9272,36.8968;10.9393,36.9165;10.9618,36.9281;10.9834,36.9528;11.0020,36.9621;11.0086,36.9557;11.0301,36.9713;11.0128,36.9927;11.0349,37.0132;11.0594,37.0096;11.0585,37.0320;11.0633,37.0411;11.0744,37.0441;11.0749,37.0515;11.0599,37.0637;11.0561,37.0751;11.0352,37.0887;11.0383,37.0787;10.9746,37.0498;10.9621,37.0546;10.9239,37.0461;10.9079,37.0504;10.9042,37.0435;10.9097,37.0406;10.9040,37.0368;10.9098,37.0329;10.9045,37.0280;10.9112,37.0237;10.9071,37.0192;10.9148,37.0186;10.9119,37.0071;10.8989,37.0107;10.8927,36.9944;10.8742,36.9773;10.7965,36.9365;10.7659,36.9103
El Hencha|10.5942,35.2420;10.6011,35.1988;10.6160,35.1667;10.6180,35.1403;10.6400,35.0724;10.7065,35.0293;10.7115,35.0204;10.7028,35.0020;10.7014,34.9765;10.6808,34.9673;10.6832,34.9569;10.7477,34.9208;10.7599,34.9025;10.7750,34.9180;10.8158,34.8962;10.8012,34.9265;10.7946,34.9744;10.8075,34.9976;10.8370,34.9862;10.8450,34.9943;10.8583,34.9883;10.8597,35.0054;10.8437,35.0127;10.7860,35.0769;10.7916,35.0774;10.8189,35.1398;10.8370,35.1484;10.8324,35.1705;10.8024,35.2169;10.8047,35.2460;10.7949,35.2562;10.7911,35.2738;10.7651,35.2785;10.7505,35.2488;10.7583,35.2416;10.7112,35.2216;10.6746,35.2219;10.6290,35.2576;10.5942,35.2420
El Hrairia|10.1226,36.7950;10.1004,36.8020;10.0814,36.7958;10.0739,36.7996;10.0598,36.7971;10.0516,36.7867;10.0447,36.7941;10.0207,36.7985;10.0038,36.7869;10.0240,36.7756;10.0293,36.7619;10.0540,36.7736;10.0815,36.7745;10.1279,36.7874;10.1226,36.7950
El Jem|10.6721,35.3573;10.6474,35.3445;10.6354,35.3519;10.6331,35.3405;10.6197,35.3443;10.6163,35.3230;10.6305,35.3165;10.6165,35.3129;10.6105,35.2952;10.6033,35.2903;10.5967,35.2966;10.5818,35.2815;10.5942,35.2420;10.6290,35.2576;10.6609,35.2300;10.6876,35.2187;10.7112,35.2216;10.7583,35.2416;10.7505,35.2488;10.7651,35.2785;10.7911,35.2738;10.7949,35.2562;10.8047,35.2460;10.8577,35.2586;10.8555,35.2749;10.8151,35.3070;10.8285,35.3145;10.8156,35.3252;10.8278,35.3275;10.8109,35.3420;10.8151,35.3473;10.8092,35.3484;10.7784,35.4031;10.7713,35.4013;10.7599,35.4129;10.7310,35.4096;10.7441,35.4042;10.7502,35.3909;10.7163,35.3832;10.7122,35.3664;10.6767,35.3482;10.6721,35.3573
El Kabaria|10.1877,36.7232;10.2097,36.7466;10.1957,36.7649;10.1694,36.7592;10.1757,36.7363;10.1821,36.7330;10.1763,36.7200;10.1877,36.7232
El Krib|9.0437,36.2317;9.0507,36.2333;9.0659,36.2582;9.0885,36.2651;9.1159,36.2935;9.1537,36.2607;9.1649,36.2608;9.1624,36.2729;9.1787,36.2677;9.1882,36.2549;9.2009,36.2680;9.2183,36.2665;9.2198,36.2791;9.2291,36.2788;9.2290,36.2876;9.2403,36.2920;9.2344,36.3016;9.2701,36.3354;9.2577,36.3665;9.2459,36.3741;9.2427,36.3698;9.1937,36.3717;9.1730,36.3844;9.1316,36.3636;9.1134,36.3657;9.1132,36.3949;9.0818,36.4068;9.0903,36.4125;9.0889,36.4195;9.0681,36.4348;9.0334,36.4440;9.0162,36.4634;8.9630,36.4600;8.9300,36.4502;8.9314,36.4440;8.9245,36.4414;8.9328,36.4204;8.9612,36.4037;8.9668,36.3840;8.9779,36.3766;8.9728,36.3648;8.9873,36.3480;8.9807,36.3458;8.9822,36.3403;8.9738,36.3419;8.9770,36.3366;8.9658,36.3413;8.9666,36.3328;8.9603,36.3369;8.9613,36.3307;8.9467,36.3200;8.9533,36.3154;8.9440,36.3142;8.9453,36.3094;8.9624,36.3037;8.9555,36.2954;8.9687,36.2910;8.9788,36.2787;8.9999,36.2397;9.0394,36.2398;9.0437,36.2317
El Ksar|8.8209,34.4370;8.8045,34.4104;8.7846,34.4074;8.7837,34.3819;8.7682,34.3849;8.7482,34.4083;8.7348,34.4025;8.7322,34.3884;8.7438,34.3663;8.7188,34.3368;8.7201,34.3243;8.8055,34.3250;8.8421,34.3411;8.8745,34.3435;8.9060,34.3696;8.9807,34.3983;9.0004,34.3998;9.0553,34.3812;9.0286,34.4202;9.0090,34.4371;8.9852,34.4860;8.9642,34.5021;8.9181,34.4854;8.8816,34.4966;8.8719,34.4852;8.8857,34.4469;8.8352,34.4324;8.8425,34.4536;8.8339,34.4566;8.8209,34.4370
El Menzah|10.1311,36.8482;10.1461,36.8269;10.1557,36.8332;10.1762,36.8167;10.1833,36.8481;10.1694,36.8405;10.1463,36.8548;10.1311,36.8482
El Metouia|10.0263,33.9408;10.0465,33.9626;10.0431,33.9783;10.0567,33.9809;10.0252,34.0870;10.0246,34.1162;10.0197,34.1189;10.0265,34.1515;10.0155,34.1685;10.0183,34.1873;10.0110,34.1932;10.0011,34.1882;9.9659,34.2111;9.9343,34.2062;9.9220,34.1966;9.9176,34.1857;9.9238,34.1814;9.9099,34.1593;9.9055,34.1229;9.9101,34.1092;9.8819,34.1115;9.8730,34.0989;9.8821,34.0924;9.8769,34.0674;9.8538,34.0500;9.7939,34.0258;9.7910,34.0168;9.8569,34.0127;9.8749,33.9980;9.9076,33.9966;9.9035,33.9551;9.9127,33.9400;9.9109,33.9119;9.9362,33.9138;9.9662,33.9358;9.9693,33.9197;10.0041,33.9274;10.0263,33.9408
El Mida|10.7592,36.7928;10.7345,36.7704;10.7704,36.7405;10.7669,36.7188;10.7745,36.7101;10.7737,36.6948;10.7822,36.7027;10.8111,36.6979;10.8335,36.6837;10.8380,36.6742;10.8679,36.6688;10.8810,36.6581;10.9003,36.6604;10.9172,36.6485;10.9635,36.7127;10.9356,36.7247;10.9348,36.7318;10.8895,36.7352;10.8382,36.7784;10.8241,36.7630;10.7860,36.7850;10.7592,36.7928
El Mourouj|10.2491,36.7109;10.2097,36.7466;10.1877,36.7232;10.1979,36.7224;10.2048,36.6930;10.2491,36.7109
El Omrane|10.1745,36.8127;10.1654,36.8295;10.1557,36.8332;10.1382,36.8216;10.1555,36.8094;10.1745,36.8127
El Omrane Supérieur|10.1382,36.8216;10.1461,36.8269;10.1311,36.8482;10.1167,36.8445;10.1175,36.8359;10.1382,36.8216
El Ouardia|10.1757,36.7751;10.1694,36.7592;10.1957,36.7649;10.1904,36.7729;10.1967,36.7788;10.1908,36.7848;10.1805,36.7835;10.1833,36.7767;10.1757,36.7751
Enfidha|10.2635,36.2282;10.2537,36.2228;10.2659,36.2138;10.2551,36.1978;10.2662,36.1768;10.2642,36.1660;10.2442,36.1563;10.2337,36.1658;10.1841,36.1579;10.1814,36.1506;10.1818,36.1379;10.2065,36.1355;10.2019,36.1054;10.2102,36.0957;10.2067,36.0888;10.2165,36.0861;10.2037,36.0566;10.2217,36.0550;10.2555,36.0357;10.2557,36.0057;10.3168,36.0012;10.3209,36.0195;10.3708,36.0120;10.3585,36.0284;10.3662,36.0303;10.3702,36.0557;10.3781,36.0542;10.3815,36.0645;10.4426,36.0621;10.4520,36.0710;10.4526,36.0856;10.4736,36.0886;10.4672,36.1704;10.3848,36.1907;10.3733,36.1854;10.3751,36.1586;10.3633,36.1576;10.3248,36.1834;10.3143,36.2161;10.3010,36.2121;10.2947,36.2199;10.2793,36.2178;10.2793,36.2343;10.2635,36.2282
Essouassi|10.6721,35.3573;10.6567,35.3836;10.6346,35.3849;10.6273,35.3978;10.6192,35.3932;10.6198,35.4148;10.5984,35.4195;10.5890,35.4302;10.5850,35.4137;10.5676,35.4195;10.5663,35.3981;10.5609,35.3961;10.5429,35.4090;10.5265,35.3997;10.4916,35.4087;10.4764,35.4242;10.4762,35.4306;10.4853,35.4339;10.4769,35.4392;10.4742,35.4334;10.4622,35.4339;10.4650,35.4417;10.4592,35.4514;10.4349,35.4535;10.4233,35.4516;10.4142,35.4387;10.4157,35.4273;10.4266,35.4182;10.3979,35.3887;10.4128,35.3718;10.3913,35.3740;10.3864,35.3654;10.3768,35.3646;10.3713,35.3450;10.3872,35.3411;10.3816,35.3272;10.4103,35.3026;10.4042,35.2981;10.4184,35.2981;10.4141,35.2917;10.4238,35.2816;10.4381,35.2894;10.4295,35.3012;10.4373,35.3030;10.4269,35.3106;10.4765,35.3406;10.4821,35.3178;10.4647,35.3093;10.4798,35.3008;10.4684,35.2821;10.4785,35.2736;10.4745,35.2691;10.4795,35.2608;10.5036,35.2610;10.5319,35.2357;10.5476,35.2368;10.5620,35.2281;10.5942,35.2420;10.5818,35.2815;10.5967,35.2966;10.6033,35.2903;10.6105,35.2952;10.6165,35.3129;10.6305,35.3165;10.6163,35.3230;10.6197,35.3443;10.6331,35.3405;10.6354,35.3519;10.6474,35.3445;10.6721,35.3573
Ettadhamen|10.1175,36.8359;10.1056,36.8454;10.0926,36.8371;10.1049,36.8220;10.1175,36.8359
Ettahrir|10.1175,36.8359;10.1254,36.8176;10.1382,36.8216;10.1175,36.8359
Ezzahra|10.3012,36.7621;10.2827,36.7525;10.2802,36.7396;10.3231,36.7331;10.3261,36.7403;10.3012,36.7621
Ezzouhour|10.1226,36.7950;10.1308,36.7863;10.1551,36.7989;10.1368,36.8018;10.1226,36.7950
Ezzouhour|8.8146,35.1601;8.8304,35.1501;8.8465,35.1499;8.8368,35.1684;8.8131,35.1641;8.8146,35.1601
Fernana|8.4838,36.6987;8.4834,36.6822;8.4702,36.6680;8.4513,36.6621;8.4599,36.6583;8.4468,36.6237;8.4492,36.6181;8.4735,36.6187;8.4852,36.6050;8.5020,36.6102;8.5182,36.5994;8.5135,36.5938;8.5215,36.5786;8.5342,36.5939;8.5308,36.5987;8.5370,36.6084;8.5545,36.6109;8.5624,36.6058;8.5629,36.5944;8.5784,36.6073;8.6067,36.6059;8.6167,36.5959;8.6177,36.5809;8.6305,36.5737;8.6448,36.5892;8.6918,36.5863;8.6941,36.5922;8.7163,36.5996;8.7246,36.5584;8.7318,36.5707;8.7761,36.5717;8.8051,36.5833;8.7980,36.5953;8.8091,36.6008;8.8021,36.6197;8.7743,36.6469;8.7859,36.6783;8.8213,36.6992;8.8197,36.7169;8.7713,36.7096;8.7594,36.7236;8.7495,36.7230;8.7413,36.7354;8.7418,36.7470;8.7238,36.7440;8.6976,36.7242;8.6799,36.7309;8.6785,36.7159;8.6587,36.7014;8.6494,36.6728;8.6116,36.6972;8.6126,36.7133;8.6015,36.7251;8.6081,36.7315;8.6065,36.7410;8.5659,36.7043;8.5338,36.6955;8.4970,36.7034;8.4838,36.6987
Fouchana|10.1444,36.7358;10.1310,36.7254;10.1513,36.7118;10.1467,36.6977;10.1629,36.6855;10.1778,36.6778;10.2101,36.6875;10.2135,36.6777;10.1860,36.6579;10.1924,36.6523;10.2146,36.6529;10.2382,36.6737;10.2316,36.6833;10.2443,36.6935;10.2491,36.7109;10.2048,36.6930;10.1979,36.7224;10.1763,36.7200;10.1672,36.7315;10.1444,36.7358
Foussana|8.6457,35.4409;8.6019,35.4072;8.5782,35.4236;8.5706,35.4181;8.5444,35.4169;8.5462,35.4233;8.5152,35.4198;8.4930,35.4087;8.4840,35.4168;8.4753,35.4456;8.4801,35.4641;8.4731,35.4863;8.4082,35.4639;8.3724,35.4679;8.3533,35.4631;8.3291,35.4218;8.3155,35.4142;8.3299,35.4065;8.3127,35.3722;8.3174,35.3412;8.3115,35.3151;8.3336,35.2804;8.3588,35.2762;8.4088,35.2450;8.4547,35.2363;8.4756,35.2407;8.4386,35.1985;8.4685,35.1994;8.5056,35.2126;8.5533,35.2558;8.6342,35.1955;8.6804,35.2053;8.7227,35.2458;8.7205,35.2552;8.7425,35.2598;8.7278,35.2700;8.7309,35.2775;8.7576,35.2835;8.7733,35.3040;8.8022,35.3055;8.7992,35.3136;8.8075,35.3361;8.8477,35.3698;8.8212,35.3625;8.8116,35.3734;8.7618,35.3817;8.7565,35.3883;8.7332,35.3832;8.7388,35.4061;8.7004,35.4285;8.6904,35.4124;8.6668,35.4137;8.6457,35.4409
Fériana|8.6342,35.1955;8.5533,35.2558;8.5056,35.2126;8.4685,35.1994;8.4386,35.1985;8.4226,35.1792;8.4094,35.1397;8.3590,35.1010;8.3431,35.0720;8.3157,35.0092;8.3086,34.9537;8.3153,34.9481;8.2863,34.9452;8.2452,34.9211;8.2561,34.9089;8.2614,34.8743;8.2701,34.8629;8.2853,34.8056;8.2986,34.8111;8.3252,34.8059;8.3553,34.8143;8.3505,34.8340;8.3544,34.8435;8.4501,34.8835;8.4703,34.8976;8.4811,34.8924;8.5141,34.9002;8.5122,34.8851;8.5530,34.8502;8.6590,34.8787;8.6679,34.8861;8.5929,34.9240;8.5998,34.9397;8.5997,34.9630;8.6252,34.9789;8.5956,35.0139;8.5824,35.0088;8.5612,35.0641;8.6101,35.0803;8.6290,35.0969;8.6365,35.1151;8.5972,35.1556;8.6411,35.1861;8.6342,35.1955
Gabès Ouest|9.9109,33.9119;9.9086,33.8541;9.9389,33.8154;9.9779,33.8248;9.9812,33.8312;10.0186,33.8434;10.0327,33.8541;10.0485,33.8416;10.0622,33.8404;10.0818,33.8566;10.0807,33.8679;10.0863,33.8718;10.0774,33.8936;10.0838,33.9051;10.0726,33.9304;10.0499,33.9137;10.0263,33.9408;10.0041,33.9274;9.9693,33.9197;9.9662,33.9358;9.9362,33.9138;9.9109,33.9119
Gabès Sud|9.9389,33.8154;9.9341,33.7923;9.9488,33.7738;9.9661,33.7657;9.9380,33.7491;9.9560,33.7320;9.9774,33.7180;9.9985,33.7146;10.0396,33.7267;10.0559,33.7376;10.0616,33.7237;10.0437,33.6957;10.0411,33.6759;10.0706,33.6908;10.0943,33.6921;10.1094,33.7142;10.1330,33.7227;10.1245,33.7567;10.1486,33.7686;10.1636,33.7895;10.1784,33.7957;10.1819,33.8243;10.1227,33.8836;10.0807,33.8679;10.0818,33.8566;10.0622,33.8404;10.0485,33.8416;10.0327,33.8541;10.0186,33.8434;9.9812,33.8312;9.9779,33.8248;9.9389,33.8154
Gabès Ville|10.0863,33.8718;10.1227,33.8836;10.1190,33.8949;10.1118,33.8937;10.1205,33.8953;10.1129,33.8962;10.1046,33.9107;10.1093,33.9219;10.0965,33.9192;10.0952,33.9244;10.1131,33.9246;10.0822,33.9358;10.0726,33.9304;10.0838,33.9051;10.0774,33.8936;10.0863,33.8718
Gafsa Nord|8.9703,34.4986;9.0172,34.5755;9.0540,34.6081;9.0529,34.6245;9.0951,34.6124;9.0992,34.6246;9.1111,34.6326;9.1060,34.6408;9.1151,34.6607;9.1484,34.6967;9.1562,34.7171;9.1181,34.7037;9.0999,34.7091;9.0839,34.7026;9.0678,34.6798;9.0547,34.6927;9.0410,34.6937;9.0261,34.7062;9.0076,34.7074;8.9896,34.7212;8.9419,34.6714;8.9381,34.6490;8.9174,34.6171;8.9382,34.5953;8.9537,34.5909;8.9454,34.5784;8.9141,34.5809;8.9014,34.5912;8.8953,34.5857;8.7912,34.6360;8.7446,34.6048;8.7253,34.6129;8.6948,34.5926;8.7511,34.5201;8.7761,34.5132;8.7980,34.4502;8.8209,34.4370;8.8339,34.4566;8.8425,34.4536;8.8352,34.4324;8.8857,34.4469;8.8719,34.4852;8.8816,34.4966;8.9181,34.4854;8.9642,34.5021;8.9703,34.4986
Gafsa Sud|8.8209,34.4370;8.7980,34.4502;8.7761,34.5132;8.7511,34.5201;8.6948,34.5926;8.6760,34.6002;8.6646,34.6228;8.6347,34.6453;8.6300,34.6578;8.5856,34.6274;8.5399,34.6302;8.5170,34.6411;8.5028,34.6072;8.5164,34.5683;8.5410,34.5472;8.5400,34.5283;8.5633,34.5168;8.6153,34.5117;8.6371,34.5001;8.6330,34.4834;8.5935,34.4773;8.5487,34.4494;8.5177,34.4016;8.4886,34.3824;8.4915,34.3636;8.5057,34.3606;8.5076,34.3545;8.4762,34.3381;8.4801,34.3235;8.4746,34.3151;8.4788,34.2976;8.4734,34.2528;8.4803,34.2441;8.4753,34.2393;8.4801,34.2304;8.4912,34.2411;8.5161,34.2384;8.5322,34.2495;8.5448,34.2687;8.5477,34.2875;8.5871,34.3129;8.6155,34.3217;8.6554,34.3143;8.6896,34.3246;8.6995,34.3198;8.7201,34.3243;8.7188,34.3368;8.7438,34.3663;8.7322,34.3884;8.7348,34.4025;8.7482,34.4083;8.7682,34.3849;8.7837,34.3819;8.7846,34.4074;8.8045,34.4104;8.8209,34.4370
Gaâfour|9.3153,36.3728;9.2864,36.3598;9.2578,36.3184;9.2344,36.3016;9.2403,36.2920;9.2290,36.2876;9.2291,36.2788;9.2198,36.2791;9.2183,36.2665;9.2009,36.2680;9.1917,36.2549;9.1991,36.2497;9.2012,36.2335;9.2340,36.2080;9.2166,36.1793;9.2406,36.1339;9.2773,36.1408;9.2767,36.1339;9.2903,36.1344;9.3154,36.1533;9.3224,36.1395;9.3323,36.1404;9.3514,36.1577;9.3708,36.1505;9.4145,36.1569;9.4316,36.1405;9.4585,36.1398;9.4722,36.1467;9.4928,36.1398;9.4783,36.1711;9.5056,36.1673;9.5270,36.1789;9.5022,36.1998;9.4801,36.2397;9.4828,36.2473;9.4321,36.2680;9.4109,36.2958;9.4119,36.3020;9.3943,36.3088;9.3933,36.3248;9.3859,36.3238;9.3780,36.3331;9.3720,36.3299;9.3644,36.3382;9.3464,36.3341;9.3404,36.3477;9.3187,36.3596;9.3153,36.3728
Ghannouch|10.0726,33.9304;10.0822,33.9358;10.0567,33.9809;10.0484,33.9821;10.0431,33.9783;10.0465,33.9626;10.0263,33.9408;10.0499,33.9137;10.0726,33.9304
Ghar El Melh|10.1346,37.1415;10.1548,37.1665;10.2212,37.1691;10.2209,37.1545;10.2302,37.1519;10.2305,37.1561;10.2319,37.1501;10.2567,37.1729;10.2815,37.1776;10.2769,37.1829;10.2337,37.1761;10.1447,37.1840;10.1002,37.1970;10.0802,37.2159;10.0684,37.2091;10.0471,37.1670;10.0488,37.1436;10.0127,37.1294;10.0139,37.1197;9.9952,37.1070;10.0041,37.0748;10.0177,37.0992;10.0332,37.1110;10.0579,37.1216;10.0989,37.1255;10.1092,37.1371;10.1346,37.1415
Ghardimaou|8.4492,36.6181;8.4178,36.6224;8.4037,36.6165;8.3877,36.5948;8.3806,36.5979;8.3261,36.5738;8.3200,36.5571;8.2915,36.5396;8.2564,36.5371;8.2460,36.5270;8.1953,36.5072;8.1771,36.5135;8.1729,36.5041;8.1537,36.4969;8.1602,36.4885;8.1548,36.4804;8.1760,36.4596;8.1953,36.4609;8.2134,36.4467;8.2510,36.4463;8.2631,36.4386;8.2845,36.4461;8.3032,36.4425;8.3065,36.4342;8.3153,36.4382;8.3279,36.4323;8.3434,36.4352;8.3549,36.4462;8.3718,36.4283;8.4063,36.4231;8.4097,36.4119;8.3938,36.3939;8.4019,36.3781;8.3765,36.3501;8.4496,36.3472;8.4607,36.3531;8.4632,36.3669;8.5033,36.3814;8.5171,36.3801;8.5401,36.3932;8.5370,36.4008;8.5139,36.3985;8.4838,36.4163;8.4887,36.4348;8.4853,36.4599;8.5051,36.4671;8.5026,36.4717;8.5088,36.4758;8.5144,36.4700;8.5213,36.4766;8.5179,36.4894;8.4765,36.5216;8.4845,36.5340;8.4965,36.5348;8.4989,36.5646;8.5156,36.5769;8.5135,36.5938;8.5182,36.5994;8.4990,36.6117;8.4852,36.6050;8.4735,36.6187;8.4492,36.6181
Ghezala|9.6288,37.1114;9.6152,37.1199;9.6204,37.1295;9.5878,37.1559;9.5940,37.1680;9.6117,37.1742;9.6073,37.1832;9.5843,37.1874;9.5528,37.2033;9.5367,37.1980;9.5262,37.2050;9.4803,37.1782;9.4606,37.1744;9.4586,37.1673;9.4422,37.1633;9.4214,37.1440;9.3922,37.1375;9.3947,37.0960;9.3648,37.0758;9.3687,37.0705;9.3514,37.0668;9.3486,37.0617;9.3619,37.0540;9.3555,37.0477;9.3602,37.0333;9.3483,37.0160;9.3747,36.9937;9.4302,37.0074;9.4432,37.0050;9.4464,36.9988;9.4290,36.9711;9.4551,36.9629;9.4592,36.9542;9.4868,36.9619;9.5177,36.9614;9.5199,36.9714;9.5063,36.9760;9.5051,36.9835;9.5127,37.0017;9.6003,37.0558;9.6054,37.0658;9.5950,37.0774;9.6288,37.1114
Ghomrassen|10.6073,33.1088;10.5590,33.1122;10.5326,33.1383;10.4963,33.1044;10.4193,33.0915;10.4101,33.0681;10.3717,33.0739;10.3402,33.0614;10.3344,33.0696;10.3322,33.1031;10.3484,33.1085;10.3342,33.1303;10.3538,33.1365;10.3403,33.1694;10.2370,33.1327;10.1866,33.0936;10.1605,33.0810;10.1443,33.0813;10.1355,33.0885;10.0993,33.0804;10.0844,33.0598;9.9602,33.0666;9.9420,33.0463;9.9068,33.0665;9.8965,33.0652;9.8935,33.0523;9.9169,33.0468;9.9274,33.0337;9.9366,33.0036;9.9628,32.9927;9.9951,32.9930;10.0117,32.9773;10.0776,32.9699;10.2090,32.9685;10.2662,32.9594;10.2801,32.9765;10.3361,32.9558;10.3929,32.9231;10.3688,32.9537;10.3766,32.9582;10.3525,32.9864;10.3417,32.9847;10.3430,32.9940;10.3623,32.9957;10.4083,33.0188;10.4266,33.0111;10.4267,33.0061;10.4481,33.0131;10.4449,33.0221;10.4775,33.0511;10.5097,33.0621;10.5114,33.0747;10.5217,33.0797;10.5399,33.0749;10.5561,33.0826;10.6056,33.0805;10.6073,33.1088
Goubellat|9.5762,36.4266;9.6290,36.4261;9.6525,36.4109;9.6556,36.4273;9.6820,36.4409;9.6982,36.4461;9.7113,36.4404;9.7392,36.4507;9.7355,36.4616;9.7397,36.4657;9.7329,36.4696;9.7517,36.4780;9.7594,36.4888;9.7756,36.4873;9.7840,36.5110;9.7971,36.5236;9.8240,36.5302;9.8387,36.5666;9.8640,36.5750;9.8542,36.6044;9.8174,36.6077;9.8101,36.6218;9.8163,36.6293;9.8072,36.6415;9.7758,36.6180;9.7581,36.6123;9.7028,36.6407;9.6895,36.6415;9.6890,36.6466;9.6809,36.6365;9.6726,36.6391;9.6716,36.6265;9.6532,36.6132;9.6645,36.6016;9.6477,36.5946;9.6061,36.5496;9.5682,36.5349;9.5569,36.5380;9.5533,36.5191;9.5259,36.5002;9.5516,36.4835;9.5379,36.4457;9.5647,36.4373;9.5692,36.4260;9.5762,36.4266
Graïba|10.3422,34.6018;10.2954,34.5686;10.2765,34.5818;10.2535,34.6160;10.2368,34.6206;10.2387,34.6153;10.2271,34.6121;10.1983,34.6203;10.1925,34.6068;10.1807,34.6031;10.1518,34.5741;10.1459,34.5759;10.1177,34.5540;10.0933,34.5524;10.0685,34.5405;10.0731,34.5225;10.0980,34.5100;10.1096,34.4837;10.1136,34.4460;10.1266,34.4259;10.1544,34.4221;10.1939,34.3923;10.1976,34.3867;10.1913,34.3643;10.2103,34.3477;10.2274,34.3549;10.2406,34.3698;10.2708,34.3732;10.2791,34.3894;10.2748,34.3946;10.2874,34.4053;10.2817,34.4128;10.2840,34.4247;10.2751,34.4313;10.2734,34.4669;10.2827,34.4688;10.3051,34.4990;10.3182,34.5041;10.3056,34.5126;10.3629,34.5161;10.3543,34.5324;10.3602,34.5590;10.3574,34.5882;10.3630,34.5961;10.3422,34.6018
Grombalia|10.4039,36.7013;10.3944,36.6838;10.3915,36.6448;10.3659,36.6458;10.3731,36.6392;10.3668,36.6358;10.3743,36.6284;10.3721,36.6149;10.3323,36.5770;10.3627,36.5825;10.3800,36.5655;10.3787,36.5440;10.3481,36.5339;10.3546,36.5160;10.3442,36.5135;10.3400,36.4981;10.3477,36.4879;10.3831,36.4856;10.3913,36.4906;10.4091,36.4828;10.4722,36.5103;10.4879,36.5093;10.5003,36.5233;10.4928,36.5410;10.5219,36.5467;10.5490,36.5668;10.5514,36.5773;10.5789,36.5870;10.5815,36.6037;10.5531,36.6271;10.5336,36.6162;10.5044,36.6575;10.4635,36.6882;10.4379,36.6882;10.4344,36.6951;10.4039,36.7013
Haffouz|9.8395,35.7435;9.7998,35.7379;9.7701,35.7208;9.7643,35.7261;9.7299,35.7246;9.6795,35.7121;9.6737,35.7336;9.6619,35.7304;9.6573,35.7538;9.6506,35.7450;9.6370,35.7571;9.6481,35.7679;9.6490,35.7854;9.6269,35.7911;9.5961,35.7415;9.5983,35.7253;9.5841,35.7224;9.5577,35.7011;9.5646,35.6639;9.5427,35.6556;9.5566,35.6377;9.5764,35.6426;9.5989,35.6361;9.6301,35.6389;9.6473,35.6183;9.6114,35.6093;9.6259,35.6031;9.6303,35.5880;9.6083,35.5778;9.6096,35.5692;9.5851,35.5531;9.5758,35.5387;9.5723,35.5151;9.5818,35.5098;9.5877,35.4839;9.5831,35.4718;9.6014,35.4754;9.6152,35.5099;9.6042,35.5174;9.6230,35.5242;9.6324,35.5088;9.6591,35.5012;9.6732,35.4865;9.6860,35.4904;9.6962,35.4736;9.7035,35.4798;9.7123,35.4660;9.7041,35.4518;9.7282,35.4412;9.7390,35.4617;9.7752,35.4657;9.7907,35.4831;9.7981,35.4786;9.8198,35.4902;9.8002,35.5339;9.7610,35.5627;9.7553,35.5750;9.7698,35.5836;9.8309,35.5927;9.8260,35.6274;9.8199,35.6347;9.8411,35.6417;9.8448,35.6537;9.8621,35.6629;9.8640,35.6747;9.8640,35.6926;9.8542,35.7017;9.8650,35.7172;9.8395,35.7435
Hajeb El Ayoun|9.5662,35.2697;9.5870,35.2848;9.6000,35.2796;9.6095,35.2667;9.6417,35.2607;9.6584,35.2425;9.6916,35.2307;9.7041,35.2751;9.6940,35.2992;9.7026,35.3329;9.6966,35.3449;9.7045,35.3528;9.6813,35.3658;9.7000,35.4084;9.6982,35.4181;9.7112,35.4364;9.7282,35.4412;9.7041,35.4518;9.7123,35.4660;9.7035,35.4798;9.6962,35.4736;9.6860,35.4904;9.6732,35.4865;9.6591,35.5012;9.6324,35.5088;9.6230,35.5242;9.6042,35.5174;9.6152,35.5099;9.6014,35.4754;9.5831,35.4718;9.5877,35.4839;9.5818,35.5098;9.5540,35.5382;9.5493,35.5695;9.5036,35.5965;9.4778,35.5930;9.4703,35.6021;9.4597,35.6011;9.4519,35.5868;9.4226,35.5764;9.4199,35.5632;9.3983,35.5594;9.3959,35.5477;9.4335,35.5343;9.4424,35.5023;9.4641,35.4931;9.4662,35.4772;9.4903,35.4635;9.4850,35.4494;9.4883,35.4294;9.5051,35.4141;9.5003,35.4116;9.5052,35.4052;9.4744,35.3884;9.4591,35.3635;9.5271,35.3443;9.5273,35.3333;9.5366,35.3222;9.5323,35.3177;9.5496,35.2812;9.5662,35.2697
Hammam Chott|10.4176,36.7166;10.3599,36.7242;10.3526,36.7162;10.3629,36.6954;10.3683,36.6565;10.3612,36.6469;10.3915,36.6448;10.3978,36.6965;10.4176,36.7166
Hammam Ghezèze|11.0086,36.9557;11.0357,36.9413;11.0328,36.9346;11.0499,36.9232;11.0356,36.8988;11.0538,36.8807;11.0500,36.8759;11.0628,36.8658;11.0733,36.8814;11.0837,36.8806;11.0888,36.8638;11.0999,36.8551;11.1296,36.8573;11.1367,36.8748;11.1069,36.9033;11.0987,36.9565;11.0594,37.0096;11.0349,37.0132;11.0128,36.9927;11.0301,36.9713;11.0086,36.9557
Hammam Lif|10.3598,36.6972;10.3518,36.7145;10.3599,36.7242;10.3261,36.7403;10.3231,36.7331;10.3166,36.7336;10.3203,36.7006;10.3355,36.7052;10.3598,36.6972
Hammam Sousse|10.6038,35.8540;10.6138,35.8653;10.6040,35.8759;10.5970,35.8947;10.6021,35.8929;10.5808,35.9163;10.5745,35.9137;10.5831,35.9018;10.5684,35.8923;10.5894,35.8663;10.5692,35.8606;10.5628,35.8465;10.5673,35.8333;10.6038,35.8540
Hammamet|10.6195,36.4634;10.6008,36.4601;10.5902,36.4702;10.5707,36.4589;10.5830,36.4791;10.5786,36.4916;10.5486,36.4773;10.5385,36.4840;10.5344,36.4974;10.5157,36.4915;10.4955,36.5064;10.4722,36.5103;10.4153,36.4839;10.3913,36.4906;10.3831,36.4856;10.3477,36.4879;10.3528,36.4779;10.3455,36.4669;10.3516,36.4533;10.3449,36.4447;10.3444,36.4235;10.3673,36.3829;10.4258,36.3770;10.4546,36.3679;10.4747,36.3535;10.5065,36.3918;10.5319,36.3704;10.4962,36.3241;10.4963,36.3130;10.5055,36.3084;10.5258,36.3473;10.5466,36.3709;10.5431,36.3760;10.5492,36.3740;10.5470,36.3690;10.5673,36.3936;10.5987,36.4034;10.6166,36.3922;10.6555,36.4054;10.6857,36.4260;10.6741,36.4396;10.6781,36.4438;10.6483,36.4677;10.6195,36.4634
Hassi El Ferid|8.9209,34.8102;8.9413,34.8236;8.9717,34.8257;9.0583,34.8693;9.0649,34.8791;9.0584,34.8903;9.0273,34.8889;9.0312,34.8992;9.0259,34.9141;9.0381,34.9228;9.0354,34.9403;9.0499,34.9370;9.0610,34.9560;9.1063,34.9676;9.1221,34.9954;9.1505,34.9944;9.1703,35.0107;9.1519,35.0386;9.1481,35.0615;9.1333,35.0712;9.1271,35.0913;9.1147,35.0908;9.1146,35.0981;9.0924,35.1112;9.0928,35.1281;9.0720,35.1286;9.0617,35.1397;9.0414,35.1408;9.0410,35.1467;9.0359,35.1426;9.0050,35.1570;8.9972,35.1511;8.9878,35.1554;8.9923,35.1290;8.9607,35.1028;8.9082,35.0754;8.8915,35.0539;8.8094,35.0298;8.7943,35.0364;8.7584,35.0200;8.7691,34.9987;8.7664,34.9859;8.7345,34.9702;8.7562,34.9545;8.7157,34.9260;8.7002,34.8983;8.7415,34.8135;8.7917,34.8232;8.8068,34.7946;8.8306,34.7687;8.9209,34.8102
Hazoua|7.7518,34.1077;7.5346,34.0526;7.5604,34.0146;7.5399,33.9752;7.5414,33.9380;7.5220,33.9051;7.5472,33.8368;7.5254,33.7983;7.5622,33.7774;7.5648,33.7272;7.5892,33.6883;7.5965,33.6481;7.6339,33.5721;7.7366,33.4247;7.8473,33.4566;7.9292,33.5069;7.7426,33.6945;7.7190,33.7469;7.7267,33.7944;7.7001,33.8241;7.7303,33.8490;7.7570,33.9125;7.7397,33.9772;7.7518,34.1077
Haïdra|8.5873,35.6462;8.5684,35.6374;8.5435,35.6573;8.5480,35.6657;8.5436,35.6674;8.4563,35.6725;8.4173,35.6643;8.4011,35.6401;8.3863,35.6353;8.3893,35.6159;8.3540,35.6166;8.3600,35.5257;8.3734,35.4952;8.3854,35.4874;8.3844,35.4668;8.4082,35.4639;8.4731,35.4863;8.4801,35.4641;8.4753,35.4456;8.4840,35.4168;8.4930,35.4087;8.5152,35.4198;8.5462,35.4233;8.5444,35.4169;8.5706,35.4181;8.5782,35.4236;8.6019,35.4072;8.6331,35.4273;8.6457,35.4409;8.6417,35.4756;8.5930,35.5020;8.5641,35.5088;8.5710,35.5493;8.5537,35.5916;8.5579,35.6047;8.5979,35.5980;8.6002,35.6075;8.5896,35.6185;8.6019,35.6267;8.6055,35.6387;8.5873,35.6462
Hebira|10.3768,35.3646;10.3525,35.3691;10.3439,35.3843;10.3233,35.3860;10.3023,35.3715;10.2866,35.3835;10.2278,35.3678;10.1892,35.4241;10.1820,35.4215;10.1764,35.3876;10.1606,35.3570;10.1672,35.3453;10.1921,35.3353;10.2051,35.3205;10.1744,35.2666;10.2206,35.1976;10.2106,35.1868;10.2229,35.1530;10.2910,35.1305;10.3205,35.1433;10.3598,35.1842;10.3610,35.1929;10.3269,35.2212;10.3051,35.2283;10.2984,35.2371;10.2928,35.2335;10.2861,35.2635;10.2695,35.2779;10.2788,35.2945;10.3023,35.3141;10.3208,35.3201;10.3262,35.3291;10.3354,35.3218;10.3433,35.3415;10.3490,35.3321;10.3488,35.3646;10.3559,35.3509;10.3713,35.3450;10.3768,35.3646
Hergla|10.5341,35.9732;10.5001,35.9713;10.5058,35.9718;10.5003,35.9829;10.5053,35.9805;10.5041,35.9849;10.4758,35.9855;10.5014,35.9694;10.5341,35.9732|10.3662,36.0303;10.3812,36.0245;10.4060,35.9989;10.4108,36.0019;10.4068,36.0063;10.4217,36.0141;10.4383,35.9956;10.4683,36.0126;10.4867,36.0001;10.5143,36.0063;10.5243,35.9921;10.5246,35.9759;10.5322,35.9764;10.5170,36.0286;10.4973,36.0364;10.4881,36.0472;10.4736,36.0886;10.4526,36.0856;10.4520,36.0710;10.4426,36.0621;10.3815,36.0645;10.3781,36.0542;10.3702,36.0557;10.3662,36.0303
Jebel Jelloud|10.2202,36.7666;10.1976,36.7827;10.1904,36.7729;10.2076,36.7488;10.2105,36.7565;10.2204,36.7587;10.2202,36.7666
Jebiniana|10.8346,35.1452;10.8189,35.1398;10.7916,35.0774;10.7860,35.0769;10.7968,35.0596;10.8442,35.0162;10.8422,35.0216;10.8600,35.0137;10.8604,35.0269;10.8718,35.0342;10.9203,35.0086;10.9270,35.0100;10.9211,35.0136;10.9235,35.0185;10.9338,35.0112;10.9441,35.0159;10.9706,34.9992;11.0063,35.0145;11.0191,35.0416;11.0356,35.0426;11.0232,35.0442;11.0214,35.0594;11.0283,35.0756;11.0215,35.0892;10.9561,35.0980;10.9199,35.1368;10.9406,35.1531;10.9074,35.1887;10.8876,35.1610;10.8346,35.1452
Jedelienne|8.8290,35.7530;8.8252,35.7356;8.8352,35.7324;8.8259,35.7057;8.8396,35.6992;8.8366,35.6838;8.7918,35.6780;8.7818,35.6390;8.7818,35.6112;8.8008,35.6060;8.8323,35.6146;8.8626,35.6107;8.8680,35.5963;8.8599,35.5861;8.8738,35.5835;8.8954,35.5902;8.9013,35.6037;8.8979,35.6165;8.9286,35.6165;8.9487,35.6092;8.9569,35.6136;8.9885,35.5903;9.0036,35.5885;9.0049,35.5606;9.0183,35.5700;9.0912,35.5732;9.0905,35.5937;9.0800,35.6126;9.0555,35.6217;9.0485,35.6344;9.0237,35.6284;8.9942,35.6330;8.9860,35.6633;9.0001,35.6662;8.9818,35.6767;8.9640,35.6769;9.0124,35.7011;8.9940,35.7083;8.9654,35.7055;8.9508,35.7135;8.9224,35.7161;8.8811,35.7349;8.8461,35.7419;8.8290,35.7530
Jemmal|10.7402,35.5415;10.7877,35.5558;10.8011,35.5759;10.7924,35.5804;10.7989,35.5845;10.7912,35.5915;10.7984,35.5965;10.8077,35.5911;10.8223,35.5992;10.8245,35.6112;10.8045,35.6435;10.7701,35.6538;10.7594,35.6511;10.7638,35.6657;10.7349,35.6504;10.7134,35.6725;10.6918,35.6581;10.6868,35.6674;10.6689,35.6636;10.6477,35.6709;10.6187,35.6364;10.5937,35.6482;10.5774,35.6408;10.5929,35.6241;10.6178,35.5556;10.6613,35.5783;10.6638,35.6080;10.6861,35.6128;10.6984,35.6262;10.7200,35.6231;10.7313,35.5964;10.7446,35.5860;10.7614,35.5866;10.7530,35.5698;10.7560,35.5640;10.7407,35.5514;10.7402,35.5415
Jendouba Nord|8.5156,36.5769;8.5233,36.5630;8.5403,36.5523;8.5405,36.5345;8.5519,36.5259;8.5483,36.5016;8.5531,36.4948;8.5854,36.4830;8.6000,36.5021;8.6367,36.5188;8.6536,36.5112;8.6468,36.5029;8.6713,36.4731;8.6628,36.4664;8.6673,36.4584;8.6733,36.4641;8.6733,36.4562;8.6819,36.4561;8.6837,36.4633;8.6853,36.4558;8.7048,36.4599;8.7087,36.4530;8.7177,36.4581;8.7141,36.4682;8.7314,36.4610;8.7310,36.4716;8.7214,36.4723;8.7297,36.4759;8.7394,36.4706;8.7306,36.4809;8.7409,36.4809;8.7460,36.4733;8.7467,36.4828;8.7390,36.4849;8.7536,36.4788;8.7703,36.4917;8.7881,36.5327;8.7984,36.5284;8.8051,36.5386;8.8074,36.5286;8.8159,36.5288;8.8153,36.5407;8.8284,36.5303;8.8450,36.5348;8.8482,36.5444;8.8439,36.5468;8.8490,36.5497;8.8389,36.5530;8.8688,36.5547;8.8666,36.5599;8.8547,36.5588;8.8551,36.5643;8.8678,36.5649;8.8757,36.5769;8.8458,36.5944;8.8398,36.6121;8.8292,36.6190;8.7980,36.5953;8.8051,36.5833;8.7761,36.5717;8.7318,36.5707;8.7246,36.5584;8.7163,36.5996;8.6941,36.5922;8.6918,36.5863;8.6448,36.5892;8.6305,36.5737;8.6177,36.5809;8.6167,36.5959;8.6067,36.6059;8.5784,36.6073;8.5629,36.5944;8.5624,36.6058;8.5545,36.6109;8.5370,36.6084;8.5300,36.5873;8.5156,36.5769
Jendouba Sud|8.6628,36.4664;8.6578,36.4537;8.6918,36.4419;8.6616,36.4192;8.7179,36.3927;8.7398,36.4043;8.7524,36.4038;8.7547,36.3968;8.7696,36.3927;8.8160,36.4007;8.8470,36.4177;8.8696,36.4139;8.9007,36.4257;8.9203,36.4507;8.9399,36.4556;8.9231,36.4883;8.8976,36.5061;8.8930,36.5350;8.9018,36.5394;8.8920,36.5764;8.8757,36.5769;8.8678,36.5649;8.8551,36.5643;8.8547,36.5588;8.8666,36.5599;8.8668,36.5535;8.8411,36.5555;8.8404,36.5503;8.8490,36.5497;8.8439,36.5468;8.8482,36.5444;8.8450,36.5348;8.8284,36.5303;8.8153,36.5407;8.8159,36.5288;8.8074,36.5286;8.8051,36.5386;8.7984,36.5284;8.7881,36.5327;8.7807,36.5256;8.7847,36.5155;8.7653,36.4867;8.7536,36.4788;8.7390,36.4849;8.7467,36.4828;8.7460,36.4733;8.7409,36.4809;8.7306,36.4809;8.7316,36.4752;8.7392,36.4755;8.7366,36.4688;8.7297,36.4759;8.7214,36.4723;8.7310,36.4716;8.7314,36.4610;8.7141,36.4682;8.7177,36.4581;8.7107,36.4531;8.7048,36.4599;8.6853,36.4558;8.6837,36.4633;8.6778,36.4551;8.6733,36.4641;8.6673,36.4584;8.6628,36.4664
Jilma|9.1978,35.3739;9.2109,35.3613;9.2385,35.3533;9.2747,35.3054;9.2964,35.2926;9.3222,35.2499;9.3535,35.2438;9.3820,35.2235;9.3697,35.1687;9.3853,35.1639;9.3954,35.1633;9.3990,35.1844;9.4122,35.1863;9.4230,35.1849;9.4173,35.1725;9.4397,35.1640;9.4748,35.1712;9.4974,35.2345;9.5240,35.2534;9.5578,35.2596;9.5662,35.2697;9.5496,35.2812;9.5323,35.3177;9.5366,35.3222;9.5273,35.3333;9.5271,35.3443;9.4591,35.3635;9.4744,35.3884;9.5052,35.4052;9.5003,35.4116;9.5051,35.4141;9.4883,35.4294;9.4850,35.4494;9.4903,35.4635;9.4662,35.4772;9.4641,35.4931;9.4454,35.4845;9.3953,35.4953;9.3637,35.4793;9.3309,35.4755;9.2319,35.4124;9.1978,35.3739
Joumine|9.5177,36.9614;9.4868,36.9619;9.4592,36.9542;9.4551,36.9629;9.4290,36.9711;9.4464,36.9988;9.4432,37.0050;9.4302,37.0074;9.3747,36.9937;9.3483,37.0160;9.3586,37.0331;9.3049,37.0274;9.2890,37.0178;9.2412,37.0195;9.2179,37.0079;9.2149,36.9802;9.2037,36.9704;9.2316,36.9573;9.2602,36.9285;9.2440,36.9129;9.2479,36.9059;9.2678,36.8951;9.2939,36.8923;9.2972,36.8811;9.3127,36.8715;9.3277,36.8856;9.3845,36.8494;9.3899,36.8381;9.3795,36.8337;9.3599,36.8075;9.3573,36.7845;9.3449,36.7669;9.3525,36.7556;9.3895,36.7390;9.4010,36.7234;9.4274,36.7329;9.4487,36.7596;9.5164,36.7872;9.5169,36.8010;9.5282,36.8174;9.5881,36.8568;9.5531,36.8802;9.5520,36.8906;9.5352,36.8973;9.5264,36.9176;9.5137,36.9182;9.5100,36.9331;9.4935,36.9368;9.5193,36.9520;9.5141,36.9548;9.5177,36.9614
Jérissa|8.7086,35.7891;8.7618,35.8069;8.7431,35.8225;8.7200,35.8562;8.7161,35.8752;8.7006,35.8851;8.6617,35.8835;8.6450,35.8888;8.6017,35.8666;8.6130,35.8614;8.6012,35.8424;8.5831,35.8517;8.5421,35.8515;8.5378,35.8460;8.5370,35.8178;8.5529,35.8164;8.5905,35.7973;8.6030,35.7666;8.6234,35.7435;8.6319,35.7431;8.6364,35.7549;8.6503,35.7506;8.6663,35.7594;8.6673,35.7878;8.6846,35.7833;8.7086,35.7891
Kairouan Nord|10.0164,35.6817;10.0704,35.6803;10.0709,35.6665;10.0897,35.6724;10.0964,35.6660;10.1030,35.6757;10.1289,35.6762;10.1170,35.6764;10.1139,35.6859;10.1287,35.6942;10.1768,35.7080;10.1923,35.6994;10.1877,35.6806;10.2527,35.6815;10.2310,35.7038;10.2128,35.7116;10.2142,35.7389;10.2069,35.7446;10.2031,35.7645;10.1732,35.7933;10.1576,35.8192;10.1454,35.7917;10.1290,35.7801;10.1057,35.7847;10.0858,35.8048;10.0469,35.8066;10.0292,35.8028;9.9812,35.7661;9.9864,35.7569;9.9757,35.7389;9.9707,35.7058;10.0067,35.6978;9.9986,35.6812;10.0164,35.6817
Kairouan Sud|9.9093,35.4899;9.8990,35.4798;9.8791,35.4741;9.8914,35.4659;9.8893,35.4615;9.9070,35.4564;9.9007,35.4530;9.9143,35.4469;9.9344,35.4483;9.9450,35.4559;9.9640,35.4440;9.9804,35.4728;9.9988,35.4783;10.0152,35.4939;10.0198,35.4868;10.0495,35.4909;10.0675,35.4947;10.0681,35.5039;10.0952,35.5077;10.0962,35.5018;10.1411,35.5135;10.1334,35.5443;10.1627,35.5670;10.1709,35.5097;10.1803,35.4966;10.1855,35.4997;10.1931,35.4941;10.1820,35.4765;10.2111,35.4670;10.2573,35.4988;10.2073,35.5537;10.2741,35.5805;10.2854,35.5770;10.3073,35.5850;10.2701,35.6392;10.2527,35.6815;10.1877,35.6806;10.1940,35.6912;10.1846,35.7061;10.1287,35.6942;10.1139,35.6859;10.1170,35.6764;10.1289,35.6762;10.1030,35.6757;10.0964,35.6660;10.0897,35.6724;10.0709,35.6665;10.0704,35.6803;10.0164,35.6817;10.0101,35.6626;9.9619,35.6392;9.9801,35.6362;9.9889,35.6279;9.9896,35.6157;10.0407,35.6176;10.0129,35.5940;10.0285,35.5822;10.0585,35.5820;10.0459,35.5490;10.0367,35.5371;10.0039,35.5266;9.9850,35.5337;9.9825,35.5401;9.9599,35.5444;9.9093,35.4899
Kalaat Khasba|8.6172,35.7477;8.5905,35.7973;8.5529,35.8164;8.5370,35.8178;8.5596,35.7924;8.5422,35.7580;8.5129,35.7466;8.4280,35.7641;8.4304,35.7496;8.4216,35.7355;8.4118,35.7318;8.4290,35.7138;8.4248,35.6941;8.4356,35.6689;8.5436,35.6674;8.5480,35.6657;8.5435,35.6573;8.5684,35.6374;8.6150,35.6598;8.6177,35.6755;8.6304,35.6856;8.6224,35.7023;8.6268,35.7246;8.6187,35.7313;8.6172,35.7477
Kalaat Senan|8.4356,35.6689;8.4248,35.6941;8.4290,35.7138;8.4118,35.7318;8.4216,35.7355;8.4304,35.7496;8.4280,35.7641;8.4947,35.7477;8.5202,35.7476;8.5422,35.7580;8.5596,35.7924;8.5370,35.8178;8.5042,35.8180;8.4794,35.8310;8.4473,35.8282;8.3958,35.8566;8.3968,35.8622;8.3826,35.8712;8.3910,35.8829;8.3871,35.9009;8.3930,35.9137;8.3872,35.9331;8.3652,35.9502;8.3777,35.9781;8.3380,35.9655;8.3257,35.9781;8.3134,35.9597;8.3069,35.9642;8.3004,35.9563;8.2716,35.9464;8.2629,35.9376;8.2634,35.9188;8.2558,35.9117;8.2715,35.9077;8.2535,35.8865;8.2707,35.8786;8.2733,35.8198;8.2586,35.7624;8.2643,35.7307;8.2801,35.7226;8.3078,35.6916;8.3368,35.6835;8.3560,35.6698;8.3603,35.6465;8.3540,35.6166;8.3893,35.6159;8.3863,35.6353;8.4011,35.6401;8.4173,35.6643;8.4356,35.6689
Kalâa Kebira|10.3333,35.9078;10.3454,35.8904;10.3516,35.8635;10.3075,35.8072;10.3350,35.8095;10.3671,35.7891;10.3753,35.8033;10.4114,35.8007;10.4035,35.8079;10.4340,35.8273;10.4590,35.8119;10.4947,35.8164;10.5050,35.8215;10.4962,35.8306;10.5115,35.8338;10.5129,35.8507;10.5233,35.8474;10.5603,35.8633;10.5475,35.8804;10.5480,35.8993;10.4965,35.9414;10.4550,35.9158;10.4528,35.9090;10.3567,35.9468;10.3388,35.9373;10.3365,35.9284;10.3495,35.9264;10.3333,35.9078
Kalâa Seghira|10.5493,35.7893;10.5805,35.8049;10.5913,35.8252;10.5892,35.8331;10.5830,35.8395;10.5673,35.8333;10.5618,35.8490;10.5326,35.8411;10.5129,35.8507;10.5115,35.8338;10.4962,35.8306;10.5050,35.8215;10.4947,35.8164;10.4590,35.8119;10.4340,35.8273;10.4035,35.8079;10.4114,35.8007;10.3753,35.8033;10.3671,35.7891;10.3753,35.7795;10.3699,35.7736;10.3968,35.7590;10.3925,35.7504;10.3975,35.7451;10.4146,35.7468;10.4539,35.7729;10.4825,35.7825;10.5493,35.7893
Kalâat El Andalous|10.0310,36.9849;10.0563,36.9640;10.0668,36.9772;10.1037,36.9198;10.1173,36.8872;10.1305,36.8886;10.1483,36.8790;10.1542,36.8907;10.1329,36.8999;10.1304,36.9142;10.1179,36.9137;10.1141,36.9248;10.1405,36.9463;10.1595,36.9503;10.1435,36.9648;10.1519,36.9708;10.1677,36.9723;10.1720,36.9528;10.1877,36.9630;10.1941,36.9782;10.2051,36.9823;10.1794,37.0393;10.1776,37.0654;10.1862,37.0851;10.2045,37.0999;10.1875,37.0929;10.2155,37.1108;10.2076,37.0964;10.2163,37.1112;10.1805,37.1066;10.1618,37.1089;10.1568,37.1152;10.1312,37.1076;10.1237,37.1136;10.0942,37.0952;10.0884,37.0837;10.0945,37.0655;10.0745,37.0195;10.0660,37.0067;10.0310,36.9849
Kasserine Nord|8.7004,35.2201;8.7157,35.2106;8.7280,35.1916;8.7524,35.1996;8.7786,35.1648;8.7930,35.1600;8.8010,35.1636;8.8038,35.1580;8.8368,35.1684;8.8465,35.1499;8.8634,35.1674;8.8620,35.1867;8.8767,35.1990;8.8664,35.2071;8.8504,35.2028;8.8149,35.2302;8.7938,35.2287;8.7628,35.2418;8.7595,35.2383;8.7510,35.2818;8.7309,35.2775;8.7278,35.2700;8.7425,35.2598;8.7205,35.2552;8.7227,35.2458;8.7004,35.2201
Kasserine Sud|8.8465,35.1499;8.7786,35.1648;8.7524,35.1996;8.7280,35.1916;8.7157,35.2106;8.7004,35.2201;8.6804,35.2053;8.6342,35.1955;8.6411,35.1861;8.5972,35.1556;8.6365,35.1151;8.6290,35.0969;8.6101,35.0803;8.5612,35.0641;8.5824,35.0088;8.5956,35.0139;8.6252,34.9789;8.5997,34.9630;8.5998,34.9397;8.5929,34.9240;8.6679,34.8861;8.7002,34.8983;8.7157,34.9260;8.7562,34.9545;8.7345,34.9702;8.7664,34.9859;8.7691,34.9987;8.7605,35.0233;8.7943,35.0364;8.8094,35.0298;8.8915,35.0539;8.9082,35.0754;8.9607,35.1028;8.9923,35.1290;8.9878,35.1554;9.0205,35.1516;9.0304,35.1689;9.0160,35.1770;8.9900,35.1792;8.9479,35.2167;8.9522,35.2184;8.9482,35.2238;8.9047,35.2396;8.8902,35.2761;8.8462,35.3092;8.7733,35.3040;8.7510,35.2818;8.7581,35.2589;8.7558,35.2411;8.7938,35.2287;8.8149,35.2302;8.8504,35.2028;8.8664,35.2071;8.8767,35.1990;8.8620,35.1867;8.8634,35.1674;8.8465,35.1499
Kef Est|8.7252,36.2080;8.7120,36.1881;8.6988,36.1855;8.6901,36.1760;8.7010,36.1764;8.7011,36.1669;8.7178,36.1599;8.6977,36.1566;8.7255,36.0941;8.7360,36.0853;8.7455,36.0972;8.7681,36.0981;8.7720,36.1075;8.7676,36.1170;8.7909,36.1046;8.8214,36.1123;8.8363,36.1088;8.8930,36.1521;8.9053,36.1211;8.9447,36.0972;8.9825,36.1245;9.0102,36.1669;9.0561,36.2027;9.0347,36.2171;9.0437,36.2317;9.0394,36.2398;8.9999,36.2397;8.9735,36.2824;8.9300,36.2519;8.8925,36.2419;8.8516,36.2182;8.8255,36.2524;8.8041,36.2681;8.7959,36.2394;8.7819,36.2262;8.7681,36.2283;8.7252,36.2080
Kef Ouest|8.7252,36.2080;8.6878,36.2115;8.6383,36.2381;8.6248,36.2343;8.6284,36.2288;8.6177,36.2196;8.6260,36.2146;8.6205,36.2035;8.6118,36.2042;8.6132,36.2139;8.5998,36.2162;8.6037,36.2029;8.5925,36.1894;8.5630,36.1832;8.5577,36.1695;8.5400,36.1743;8.5462,36.1682;8.5361,36.1598;8.5260,36.1665;8.5154,36.1621;8.5232,36.1461;8.5164,36.1419;8.5181,36.1353;8.5244,36.1305;8.5038,36.1323;8.4994,36.1287;8.5083,36.1232;8.4998,36.1170;8.5124,36.1063;8.5446,36.1049;8.5490,36.0949;8.5596,36.0967;8.5697,36.0866;8.5899,36.0961;8.5934,36.0927;8.6091,36.1055;8.6778,36.0894;8.6936,36.0806;8.6983,36.0700;8.7194,36.0723;8.7360,36.0853;8.7255,36.0941;8.6977,36.1566;8.7178,36.1599;8.7011,36.1669;8.7010,36.1764;8.6901,36.1760;8.6988,36.1855;8.7120,36.1881;8.7252,36.2080
Kerkennah|10.9664,34.6567;11.0293,34.6278;11.0478,34.6131;11.0474,34.6206;11.1248,34.6631;11.0886,34.6737;11.0494,34.6682;10.9926,34.6725;10.9768,34.6582;10.9664,34.6567|11.1218,34.6794;11.1249,34.6633;11.1309,34.6631;11.2030,34.7027;11.2481,34.7109;11.2501,34.7237;11.2631,34.7205;11.2889,34.7330;11.2966,34.7309;11.2973,34.7237;11.3044,34.7425;11.2769,34.7652;11.2782,34.7749;11.2715,34.7780;11.2774,34.7822;11.2816,34.7757;11.2953,34.7780;11.2861,34.7892;11.2936,34.7955;11.2864,34.8046;11.3179,34.8012;11.2762,34.8193;11.2739,34.8137;11.2829,34.8065;11.2788,34.8027;11.2581,34.8306;11.2465,34.8309;11.2505,34.8266;11.2443,34.8170;11.2526,34.8029;11.2410,34.8072;11.2478,34.7913;11.2334,34.7906;11.2270,34.7821;11.2161,34.7843;11.2324,34.7660;11.2255,34.7455;11.2190,34.7397;11.1980,34.7410;11.1842,34.7484;11.1797,34.7619;11.1702,34.7624;11.1817,34.7425;11.1698,34.7352;11.1743,34.7285;11.1576,34.7221;11.1494,34.7045;11.1338,34.6999;11.1325,34.6832;11.1218,34.6794|11.3055,34.7485;11.3084,34.7443;11.3266,34.7555;11.3431,34.7571;11.3149,34.7583;11.3055,34.7485|11.3040,34.8258;11.3124,34.8172;11.3353,34.8154;11.3105,34.8290;11.3040,34.8258
Kesra|9.2045,35.7515;9.2230,35.7382;9.2300,35.7214;9.2549,35.7077;9.2534,35.6991;9.2708,35.6937;9.2755,35.7169;9.2926,35.7224;9.3357,35.7012;9.3608,35.7050;9.3980,35.6879;9.4330,35.7125;9.4427,35.7082;9.4568,35.7133;9.4546,35.7202;9.4697,35.7247;9.4680,35.7294;9.5160,35.7338;9.5207,35.7289;9.5223,35.7383;9.5376,35.7427;9.5340,35.7522;9.5012,35.7652;9.4837,35.7876;9.5100,35.7876;9.4983,35.7952;9.5226,35.8358;9.5233,35.8441;9.5150,35.8513;9.5176,35.8616;9.4760,35.8772;9.4563,35.8927;9.4364,35.8915;9.4346,35.9111;9.4263,35.9173;9.3944,35.9024;9.4019,35.8808;9.3934,35.8569;9.3636,35.8678;9.3518,35.8840;9.3255,35.8485;9.3179,35.8468;9.2988,35.8782;9.2892,35.8732;9.2811,35.8589;9.2663,35.8506;9.2883,35.8394;9.2957,35.8279;9.2694,35.8228;9.2793,35.8037;9.2449,35.7873;9.2271,35.7736;9.2346,35.7678;9.2045,35.7515
Kondar|10.2557,36.0057;10.2528,35.9624;10.2290,35.9185;10.2192,35.9196;10.2143,35.9061;10.2023,35.9038;10.1959,35.8905;10.1871,35.8870;10.1768,35.8676;10.1808,35.8536;10.1702,35.8451;10.1721,35.8402;10.1612,35.8365;10.1592,35.8247;10.1662,35.8217;10.1588,35.8129;10.1978,35.7708;10.2160,35.7768;10.2311,35.7957;10.2289,35.8139;10.1954,35.8240;10.1963,35.8346;10.2533,35.8867;10.2810,35.8989;10.2923,35.9160;10.3213,35.9173;10.3333,35.9078;10.3495,35.9264;10.3365,35.9284;10.3388,35.9373;10.3567,35.9468;10.3507,35.9600;10.3560,35.9678;10.3499,35.9711;10.3658,35.9793;10.3218,35.9857;10.3241,35.9936;10.3154,35.9949;10.3168,36.0012;10.2557,36.0057
Korba|10.7737,36.6948;10.7610,36.6930;10.7605,36.6856;10.7280,36.6662;10.7265,36.6616;10.7413,36.6545;10.7376,36.6451;10.7430,36.6379;10.7208,36.6350;10.7149,36.6236;10.6974,36.6215;10.7005,36.6113;10.7115,36.6092;10.6949,36.5967;10.7013,36.5871;10.7284,36.5841;10.7478,36.5710;10.7602,36.5839;10.7956,36.5781;10.7906,36.5853;10.7954,36.5906;10.8218,36.5673;10.8039,36.5553;10.8041,36.5318;10.8358,36.5087;10.9172,36.6485;10.9003,36.6604;10.8810,36.6581;10.8679,36.6688;10.8380,36.6742;10.8335,36.6837;10.8111,36.6979;10.7822,36.7027;10.7737,36.6948
Ksar Hellal|10.8569,35.6550;10.8375,35.6575;10.8305,35.6441;10.8478,35.6404;10.8499,35.6334;10.8419,35.6242;10.8520,35.6108;10.8739,35.6163;10.8716,35.6302;10.8767,35.6330;10.9078,35.6443;10.9109,35.6511;10.9235,35.6460;10.9249,35.6508;10.8813,35.6648;10.8569,35.6550
Ksibet El Médiouni|10.8294,35.5928;10.8500,35.6123;10.8419,35.6242;10.8499,35.6334;10.8478,35.6404;10.8305,35.6441;10.8375,35.6575;10.8571,35.6533;10.8498,35.6765;10.8660,35.6731;10.8626,35.6772;10.8684,35.6838;10.8330,35.6975;10.8038,35.6855;10.8086,35.6709;10.7956,35.6525;10.7844,35.6496;10.8090,35.6397;10.8294,35.5928
Ksour|8.7976,35.7761;8.8461,35.7419;8.9654,35.7055;8.9940,35.7083;9.0456,35.6805;9.0344,35.7302;9.0177,35.7625;9.0385,35.7840;9.0314,35.8082;9.0384,35.8167;9.0166,35.8380;9.0312,35.8358;9.0511,35.8527;9.0255,35.8525;9.0554,35.8969;9.0790,35.8942;9.1007,35.9127;9.0983,35.9459;9.0855,35.9435;9.0658,35.9673;9.0085,35.9640;8.9800,35.9752;8.9274,35.9433;8.9267,35.9323;8.9653,35.8801;8.9602,35.8773;8.8846,35.9249;8.8825,35.9373;8.8645,35.9364;8.8588,35.9431;8.8505,35.9296;8.8773,35.9054;8.8826,35.8855;8.8897,35.8858;8.8840,35.8655;8.8622,35.8562;8.8657,35.8503;8.8581,35.8313;8.8065,35.7949;8.7976,35.7761
Ksour Essef|11.0429,35.4421;11.0347,35.4483;11.0242,35.4404;11.0140,35.4432;11.0131,35.4545;11.0048,35.4548;10.9747,35.4427;10.9595,35.4641;10.9364,35.4451;10.9186,35.4612;10.8833,35.4510;10.8664,35.4305;10.8667,35.4213;10.8819,35.4013;10.8893,35.4033;10.8925,35.3934;10.9097,35.3982;10.9165,35.3881;10.9275,35.3946;10.9314,35.3848;10.9526,35.3853;10.9599,35.3784;10.9567,35.3412;10.9495,35.3354;10.9376,35.3453;10.9153,35.3269;10.9470,35.3227;10.9482,35.2974;10.9300,35.2620;10.9424,35.2490;10.9599,35.2711;10.9676,35.2584;10.9797,35.2636;10.9912,35.2811;11.0162,35.2848;11.0262,35.2750;11.0474,35.2838;11.0535,35.2762;11.0732,35.2827;11.0757,35.2891;11.0428,35.3239;11.0341,35.3468;11.0340,35.3828;11.0503,35.3910;11.0407,35.4189;11.0429,35.4421
Kébili Nord|9.1354,34.1657;9.1259,34.1273;9.1057,34.1037;9.1033,34.0840;9.0939,34.0708;9.0986,34.0498;9.0365,34.0076;9.0259,34.0069;8.9181,33.8615;8.8617,33.8148;8.8466,33.7837;8.8593,33.7763;8.8459,33.7703;8.8507,33.7699;8.8533,33.7527;8.8489,33.7483;8.8004,33.7572;8.8099,33.7387;8.7372,33.7465;8.6846,33.6954;8.8429,33.6449;8.8664,33.6484;8.8734,33.6648;8.8664,33.6783;8.8827,33.6973;8.9044,33.6940;8.9190,33.7144;8.9516,33.7075;8.9604,33.6968;8.9520,33.6851;8.9500,33.6666;8.9381,33.6527;8.9715,33.6125;8.9985,33.6002;9.0759,33.6367;9.1136,33.6966;9.1381,33.7095;9.1767,33.6822;9.2686,33.6560;9.3671,33.6453;9.3973,33.6626;9.3994,33.6842;9.3890,33.6989;9.3971,33.6992;9.3509,33.7106;9.3396,33.7361;9.3339,33.7728;9.2722,33.8704;9.2481,33.9292;9.2528,34.0384;9.2625,34.0590;9.2760,34.0658;9.2720,34.0732;9.2920,34.0875;9.3183,34.0913;9.3275,34.1066;9.3508,34.1131;9.3075,34.1248;9.3043,34.1326;9.2756,34.1413;9.2474,34.1854;9.2235,34.1718;9.1354,34.1657
Kébili Sud|8.6846,33.6954;8.6690,33.7067;8.6702,33.7156;8.6229,33.7129;8.6114,33.7214;8.6165,33.7284;8.5909,33.7297;8.7727,33.5251;8.7995,33.5107;8.8287,33.5099;8.8519,33.4782;8.8712,33.4981;8.8909,33.4897;8.9300,33.4956;8.9342,33.5038;8.9244,33.5197;9.0823,33.5148;9.2797,33.5212;9.3662,33.5757;9.4673,33.5610;9.5115,33.5979;9.5409,33.6019;9.5342,33.6160;9.5390,33.6353;9.4637,33.6244;9.4431,33.6840;9.3971,33.6992;9.3890,33.6989;9.3994,33.6842;9.3973,33.6626;9.3671,33.6453;9.2686,33.6560;9.1767,33.6822;9.1348,33.7088;9.1136,33.6966;9.0759,33.6367;8.9985,33.6002;8.9715,33.6125;8.9381,33.6527;8.9500,33.6666;8.9520,33.6851;8.9604,33.6968;8.9516,33.7075;8.9190,33.7144;8.9044,33.6940;8.8827,33.6973;8.8664,33.6783;8.8734,33.6648;8.8664,33.6484;8.8429,33.6449;8.6846,33.6954
Kélibia|10.9295,36.9000;10.9550,36.8877;10.9659,36.8628;10.9876,36.8785;11.0088,36.8662;11.0160,36.8522;11.0063,36.8064;11.0207,36.7969;11.0290,36.8025;11.0333,36.7965;11.0975,36.8360;11.1164,36.8331;11.1298,36.8553;11.0999,36.8551;11.0888,36.8638;11.0837,36.8806;11.0733,36.8814;11.0628,36.8658;11.0500,36.8759;11.0538,36.8807;11.0356,36.8988;11.0499,36.9232;11.0328,36.9346;11.0357,36.9413;11.0020,36.9621;10.9393,36.9165;10.9295,36.9000
La Goulette|10.2440,36.8617;10.2392,36.8578;10.2721,36.8105;10.2956,36.8132;10.3104,36.8065;10.3065,36.8153;10.3141,36.8212;10.3085,36.8259;10.3149,36.8217;10.3188,36.8278;10.2742,36.8503;10.2653,36.8623;10.2440,36.8617
La Marsa|10.3431,36.8798;10.3221,36.8932;10.3173,36.9176;10.2498,36.9400;10.2758,36.9043;10.2849,36.9013;10.2715,36.8750;10.3159,36.8572;10.3158,36.8646;10.3431,36.8798
La Soukra|10.2766,36.8908;10.2459,36.8880;10.1963,36.9138;10.1912,36.9060;10.2112,36.8924;10.1855,36.8750;10.2013,36.8634;10.2023,36.8504;10.2126,36.8485;10.2143,36.8599;10.2325,36.8712;10.2311,36.8569;10.2886,36.8672;10.2715,36.8750;10.2805,36.8852;10.2766,36.8908
Le Bardo|10.1179,36.8340;10.1192,36.7930;10.1368,36.8018;10.1516,36.8012;10.1487,36.8092;10.1555,36.8094;10.1382,36.8216;10.1254,36.8176;10.1179,36.8340
Le Kram|10.2886,36.8672;10.2661,36.8587;10.3178,36.8286;10.3216,36.8406;10.3161,36.8475;10.3073,36.8444;10.3070,36.8523;10.3159,36.8572;10.2886,36.8672
Le Sers|9.0983,35.9459;9.1126,35.9624;9.1161,35.9773;9.1693,36.0059;9.1574,36.0120;9.1708,36.0234;9.1533,36.0342;9.1636,36.0586;9.1557,36.0683;9.1605,36.0792;9.1339,36.1011;9.1216,36.1024;9.1107,36.1196;9.0914,36.1151;9.0649,36.1338;9.0431,36.1372;9.0322,36.1588;9.0357,36.1830;9.0102,36.1669;8.9825,36.1245;8.9447,36.0972;8.9053,36.1211;8.8930,36.1521;8.8363,36.1088;8.8214,36.1123;8.7909,36.1046;8.7676,36.1170;8.7720,36.1075;8.7681,36.0981;8.7773,36.0922;8.8086,36.0389;8.8349,36.0386;8.8505,36.0670;8.8674,36.0497;8.8779,36.0501;8.9230,36.0796;8.9336,36.0648;8.9436,36.0229;8.9721,36.0042;8.9698,35.9920;8.9859,35.9705;9.0085,35.9640;9.0658,35.9673;9.0855,35.9435;9.0983,35.9459
M'saken|10.5774,35.6408;10.5937,35.6482;10.6187,35.6364;10.6485,35.6676;10.6253,35.6856;10.6382,35.6933;10.6336,35.6999;10.6423,35.7146;10.6306,35.7215;10.6036,35.7575;10.6149,35.7533;10.6223,35.7653;10.6038,35.7667;10.6087,35.7755;10.6044,35.7797;10.5817,35.7689;10.5726,35.7876;10.5376,35.7909;10.5254,35.7847;10.4825,35.7825;10.4309,35.7576;10.4456,35.7422;10.4085,35.7420;10.3812,35.7285;10.4004,35.7056;10.4020,35.6924;10.4132,35.6921;10.4333,35.6717;10.4366,35.6619;10.4232,35.6570;10.4412,35.6393;10.4667,35.6359;10.4906,35.6138;10.5006,35.5753;10.4946,35.5645;10.5000,35.5568;10.5389,35.5717;10.5231,35.5923;10.5319,35.6095;10.5596,35.6283;10.5690,35.6498;10.5774,35.6408
Mahdia|11.0429,35.4421;11.0600,35.4945;11.0824,35.5097;11.0686,35.5050;11.0491,35.5150;11.0273,35.5574;11.0127,35.5524;10.9955,35.5554;10.9900,35.5412;10.9582,35.5407;10.9548,35.5356;10.9514,35.5429;10.9374,35.5426;10.9159,35.5180;10.9243,35.5078;10.8936,35.5068;10.8734,35.4989;10.8672,35.4868;10.8516,35.4868;10.8372,35.4563;10.8469,35.4513;10.8429,35.4373;10.8514,35.4392;10.8503,35.4182;10.8833,35.4510;10.9186,35.4612;10.9364,35.4451;10.9595,35.4641;10.9747,35.4427;11.0048,35.4548;11.0131,35.4545;11.0140,35.4432;11.0242,35.4404;11.0347,35.4483;11.0429,35.4421
Mahrès|10.3613,34.5984;10.3543,34.5324;10.3629,34.5161;10.3056,34.5126;10.3182,34.5041;10.3051,34.4990;10.2827,34.4688;10.2734,34.4669;10.2766,34.4264;10.2840,34.4247;10.2884,34.4100;10.2949,34.4120;10.2927,34.4067;10.3322,34.3968;10.3241,34.3930;10.3527,34.4071;10.3527,34.4184;10.3411,34.4079;10.3227,34.4059;10.3297,34.4184;10.3387,34.4163;10.3357,34.4194;10.3519,34.4279;10.3620,34.4268;10.3608,34.4199;10.3754,34.4213;10.4339,34.4866;10.4303,34.4904;10.4603,34.5079;10.4957,34.5200;10.4989,34.5118;10.4984,34.5203;10.5222,34.5271;10.5331,34.5233;10.5633,34.5290;10.5415,34.5180;10.5930,34.5390;10.6059,34.5554;10.5980,34.5459;10.6027,34.5832;10.6135,34.5935;10.5823,34.6168;10.5581,34.6239;10.5115,34.6623;10.5003,34.6558;10.4969,34.6422;10.4786,34.6534;10.4806,34.6608;10.4652,34.6640;10.4275,34.6553;10.4238,34.6596;10.4018,34.6344;10.3669,34.6276;10.3672,34.6018;10.3613,34.5984
Majel Bel Abbès|8.8306,34.7687;8.8068,34.7946;8.7917,34.8232;8.7415,34.8135;8.7002,34.8983;8.6771,34.8924;8.6590,34.8787;8.5530,34.8502;8.5122,34.8851;8.5141,34.9002;8.4811,34.8924;8.4703,34.8976;8.4501,34.8835;8.3544,34.8435;8.3505,34.8340;8.3553,34.8143;8.3252,34.8059;8.2986,34.8111;8.2853,34.8056;8.2819,34.7872;8.2838,34.7669;8.3000,34.7415;8.3628,34.7116;8.4427,34.6853;8.4827,34.6642;8.5084,34.6406;8.5399,34.6302;8.5856,34.6274;8.6509,34.6770;8.7303,34.7249;8.7506,34.7251;8.7890,34.7533;8.8306,34.7687
Makthar|9.0385,35.7840;9.0434,35.7650;9.0767,35.7831;9.0910,35.8018;9.0942,35.8188;9.1252,35.8362;9.1290,35.8207;9.1218,35.8185;9.1309,35.8051;9.1282,35.7892;9.1579,35.7942;9.1933,35.7539;9.2045,35.7515;9.2346,35.7678;9.2271,35.7736;9.2449,35.7873;9.2793,35.8037;9.2694,35.8228;9.2957,35.8279;9.2674,35.8536;9.2811,35.8589;9.2844,35.8691;9.3097,35.8860;9.2507,35.9034;9.2449,35.9125;9.2340,35.9119;9.2378,35.9158;9.2230,35.9298;9.1869,35.9299;9.1838,35.9246;9.1706,35.9292;9.1458,35.9570;9.1434,35.9886;9.1161,35.9773;9.1126,35.9624;9.0983,35.9459;9.1007,35.9127;9.0790,35.8942;9.0554,35.8969;9.0419,35.8722;9.0305,35.8643;9.0255,35.8525;9.0511,35.8527;9.0422,35.8415;9.0312,35.8358;9.0166,35.8380;9.0384,35.8167;9.0314,35.8082;9.0385,35.7840
Manouba|10.1150,36.8275;10.1041,36.8158;10.0672,36.8248;10.0753,36.8162;10.0710,36.8145;10.0600,36.8200;10.0479,36.8172;10.0814,36.7958;10.1004,36.8020;10.1152,36.7959;10.1192,36.7975;10.1150,36.8275
Mareth|10.4248,33.6356;10.4388,33.6326;10.4519,33.6467;10.4803,33.6488;10.4002,33.6707;10.3597,33.6948;10.3638,33.7021;10.3529,33.6977;10.3330,33.7082;10.2930,33.7404;10.2813,33.7400;10.2672,33.7683;10.1819,33.8243;10.1784,33.7957;10.1636,33.7895;10.1486,33.7686;10.1245,33.7567;10.1398,33.7120;10.1425,33.6547;10.1578,33.6066;10.1570,33.5977;10.1469,33.5891;10.1510,33.5857;10.1429,33.5491;10.1337,33.5383;10.1374,33.5323;10.1252,33.5162;10.1298,33.5117;10.1049,33.5132;10.0977,33.5050;10.1016,33.4942;10.0937,33.4869;10.0712,33.4862;10.0773,33.4707;10.0667,33.4564;10.0371,33.4366;10.0428,33.4166;10.0313,33.4078;10.0349,33.4024;10.0273,33.3893;10.0281,33.3759;9.9934,33.3513;9.9428,33.3337;9.9367,33.3231;9.9204,33.3169;9.9168,33.2970;10.0007,33.2932;10.0248,33.3128;10.0364,33.3096;10.0537,33.3165;10.1066,33.3461;10.0932,33.3613;10.0993,33.3725;10.1204,33.3724;10.1450,33.3875;10.1337,33.3946;10.1575,33.4087;10.2168,33.4236;10.2349,33.4174;10.2775,33.4293;10.2972,33.4697;10.3327,33.4898;10.3414,33.5138;10.3600,33.5343;10.3602,33.5547;10.3717,33.5751;10.3921,33.5933;10.4064,33.5915;10.4127,33.6056;10.4183,33.6060;10.4155,33.6302;10.4248,33.6356
Mateur|9.5177,36.9614;9.5141,36.9548;9.5193,36.9520;9.4930,36.9377;9.5100,36.9331;9.5137,36.9182;9.5264,36.9176;9.5352,36.8973;9.5520,36.8906;9.5531,36.8802;9.5881,36.8568;9.6253,36.8674;9.6349,36.8570;9.6767,36.8840;9.6922,36.8839;9.7133,36.9021;9.7399,36.8895;9.7676,36.8914;9.7893,36.9342;9.8058,36.9428;9.8127,36.9402;9.8132,36.9630;9.8286,36.9725;9.8227,36.9768;9.8328,36.9856;9.8301,37.0269;9.8469,37.0240;9.8384,37.0431;9.8298,37.0477;9.8247,37.0399;9.7864,37.0657;9.7783,37.0889;9.7553,37.0768;9.7432,37.0834;9.7142,37.0732;9.7203,37.1128;9.6288,37.1114;9.5950,37.0774;9.6054,37.0658;9.6003,37.0558;9.5127,37.0017;9.5051,36.9835;9.5063,36.9760;9.5199,36.9714;9.5177,36.9614
Matmata|10.0712,33.4862;10.0427,33.5038;10.0386,33.5184;10.0197,33.5325;10.0145,33.5297;10.0094,33.5517;9.9899,33.5735;9.9523,33.5723;9.9356,33.5844;9.9013,33.5920;9.8947,33.6001;9.8821,33.5994;9.8781,33.6107;9.8434,33.6313;9.8259,33.6561;9.8120,33.6629;9.8502,33.5654;9.8301,33.5451;9.8145,33.5493;9.8126,33.5413;9.7982,33.5393;9.7733,33.5549;9.7393,33.5580;9.6411,33.5893;9.6168,33.5908;9.5904,33.5838;9.5802,33.5661;9.5598,33.5541;9.5448,33.5227;9.5474,33.5147;9.5314,33.4975;9.5017,33.5018;9.4883,33.4951;9.5046,33.4922;9.5351,33.4673;9.5500,33.4626;9.5708,33.4397;9.6223,33.4192;9.6483,33.3502;9.7096,33.2840;9.7273,33.2864;9.7916,33.2699;9.8286,33.2848;9.8938,33.2875;9.9168,33.2970;9.9204,33.3169;9.9367,33.3231;9.9428,33.3337;10.0083,33.3601;10.0315,33.3841;10.0273,33.3893;10.0349,33.4024;10.0313,33.4078;10.0428,33.4166;10.0400,33.4424;10.0667,33.4564;10.0773,33.4707;10.0712,33.4862
Mdhilla|8.7201,34.3243;8.6995,34.3198;8.6896,34.3246;8.6554,34.3143;8.6155,34.3217;8.5871,34.3129;8.5477,34.2875;8.5375,34.2551;8.5096,34.2380;8.5205,34.2249;8.5331,34.2230;8.5454,34.1981;8.5906,34.1956;8.6030,34.2022;8.5930,34.1611;8.5865,34.1556;8.5943,34.1304;8.5886,34.0934;8.5924,34.0639;8.6322,34.0674;8.6477,34.0608;8.6537,34.0787;8.6608,34.0826;8.7253,34.0950;8.8444,34.0950;8.8544,34.0998;8.8554,34.1206;8.8655,34.1211;8.8744,34.1305;8.8711,34.1544;8.8852,34.1677;8.8763,34.1728;8.8641,34.2062;8.8238,34.1925;8.8300,34.1887;8.8159,34.1869;8.8188,34.1831;8.8094,34.1812;8.8065,34.1684;8.7710,34.1559;8.7900,34.1935;8.8026,34.2401;8.7965,34.2567;8.7774,34.2725;8.8317,34.2884;8.8467,34.3208;8.8459,34.3412;8.8055,34.3250;8.7201,34.3243
Medjez El Bab|9.4274,36.7329;9.4714,36.7258;9.4814,36.7323;9.5054,36.6603;9.5308,36.6558;9.5435,36.6354;9.5482,36.6105;9.5729,36.5985;9.5744,36.5902;9.6279,36.5767;9.6645,36.6016;9.6532,36.6132;9.6716,36.6265;9.6712,36.6380;9.6809,36.6365;9.6890,36.6466;9.6895,36.6415;9.7028,36.6407;9.7581,36.6123;9.7758,36.6180;9.8072,36.6415;9.7969,36.6351;9.7854,36.6466;9.7967,36.6527;9.7988,36.6653;9.7757,36.6855;9.7880,36.7100;9.7685,36.7216;9.7749,36.7296;9.7623,36.7309;9.7418,36.7121;9.7379,36.7226;9.7138,36.7333;9.7082,36.7437;9.6381,36.7618;9.5999,36.7894;9.5713,36.8273;9.5670,36.8434;9.5282,36.8174;9.5169,36.8010;9.5164,36.7872;9.4487,36.7596;9.4274,36.7329
Meknassy|9.8413,34.6460;9.8130,34.6637;9.7966,34.6921;9.7775,34.6908;9.7626,34.6793;9.7564,34.6886;9.7180,34.7056;9.7249,34.7395;9.6895,34.7740;9.6344,34.7871;9.6191,34.7756;9.6121,34.7611;9.5745,34.7458;9.5594,34.7565;9.5522,34.7750;9.5420,34.7725;9.5273,34.7652;9.5261,34.7535;9.5182,34.7482;9.5210,34.7360;9.5451,34.7105;9.5530,34.6844;9.5641,34.6748;9.5299,34.6550;9.4913,34.6511;9.4972,34.6434;9.5031,34.5991;9.5169,34.6012;9.5246,34.5815;9.4770,34.5768;9.4831,34.5316;9.4634,34.5243;9.4419,34.5271;9.4349,34.5078;9.4569,34.4865;9.4602,34.4908;9.5118,34.4825;9.6331,34.4981;9.6571,34.5150;9.6548,34.5249;9.6683,34.5331;9.6794,34.5611;9.7076,34.5915;9.6990,34.6017;9.7255,34.6173;9.7484,34.6087;9.7825,34.6220;9.7899,34.6305;9.8006,34.6267;9.8218,34.6313;9.8413,34.6460
Melloulèche|11.0215,35.0892;11.0235,35.1092;11.0385,35.1354;11.0505,35.1500;11.0607,35.1467;11.0530,35.1548;11.0868,35.1605;11.0641,35.1780;11.0165,35.1974;11.0060,35.2066;10.9929,35.2485;10.9779,35.2650;10.9676,35.2584;10.9599,35.2711;10.9074,35.1887;10.9406,35.1531;10.9199,35.1368;10.9561,35.0980;11.0215,35.0892
Menzel Bourguiba|9.8298,37.0477;9.8614,37.0479;9.8687,37.0661;9.9420,37.1082;9.9247,37.1124;9.9140,37.1243;9.9335,37.1445;9.9194,37.1655;9.9127,37.1567;9.8611,37.1346;9.8127,37.1421;9.8067,37.1486;9.8133,37.1600;9.8034,37.1701;9.7877,37.1751;9.7822,37.1701;9.7696,37.1374;9.7864,37.0657;9.8247,37.0399;9.8298,37.0477
Menzel Bouzaiane|9.4569,34.4865;9.4395,34.5013;9.4342,34.5147;9.4419,34.5271;9.4634,34.5243;9.4831,34.5316;9.4770,34.5768;9.5246,34.5815;9.5169,34.6012;9.5031,34.5991;9.4972,34.6434;9.4913,34.6511;9.5299,34.6550;9.5641,34.6748;9.5530,34.6844;9.5451,34.7105;9.5306,34.7311;9.5210,34.7360;9.5182,34.7482;9.5261,34.7535;9.5273,34.7652;9.4524,34.7768;9.4149,34.7704;9.4223,34.7604;9.3311,34.7203;9.3176,34.7211;9.2979,34.6937;9.2632,34.6838;9.2683,34.6707;9.2819,34.6602;9.2717,34.6455;9.2776,34.6247;9.2548,34.5787;9.2703,34.5684;9.2931,34.5804;9.2965,34.5663;9.3129,34.5653;9.3061,34.5577;9.3142,34.5523;9.3478,34.5675;9.3502,34.5630;9.3347,34.5431;9.3389,34.5308;9.3102,34.5016;9.3351,34.4941;9.3424,34.5039;9.3578,34.5067;9.4047,34.4996;9.4035,34.4934;9.4175,34.4826;9.4531,34.4814;9.4569,34.4865
Menzel Bouzelfa|10.5543,36.6616;10.5824,36.6716;10.6281,36.6647;10.6861,36.6379;10.6971,36.6633;10.7265,36.6616;10.7441,36.6795;10.7605,36.6856;10.7610,36.6930;10.7737,36.6948;10.7745,36.7101;10.7669,36.7188;10.7704,36.7405;10.7613,36.7531;10.7321,36.7670;10.6980,36.7333;10.6834,36.7057;10.6880,36.6963;10.6837,36.6761;10.6675,36.6822;10.6462,36.7078;10.6101,36.7275;10.5745,36.7239;10.5624,36.7305;10.5623,36.7200;10.5490,36.7086;10.5638,36.6822;10.5411,36.6691;10.5543,36.6616
Menzel Chaker|10.6773,34.9391;10.6933,34.9509;10.6794,34.9656;10.7014,34.9765;10.7028,35.0020;10.7115,35.0204;10.7065,35.0293;10.6400,35.0724;10.6180,35.1403;10.6160,35.1667;10.6011,35.1988;10.5942,35.2420;10.5620,35.2281;10.5920,35.1861;10.5855,35.1793;10.5292,35.1427;10.4764,35.1315;10.4274,35.0889;10.4108,35.0901;10.3941,35.1004;10.3641,35.1323;10.3352,35.1322;10.3171,35.1436;10.2814,35.1303;10.2229,35.1530;10.1729,35.1374;10.1502,35.1368;10.1431,35.1167;10.1349,35.1192;10.0685,35.0671;10.0534,35.0439;10.0636,35.0033;10.1103,34.9811;10.0969,34.9736;10.0815,34.9459;10.1212,34.8771;10.1227,34.8651;10.1354,34.8503;10.1661,34.8362;10.1817,34.8363;10.1942,34.8466;10.2259,34.8456;10.2729,34.8337;10.2895,34.8468;10.2799,34.8546;10.3095,34.8996;10.4253,34.8594;10.5187,34.8441;10.5847,34.8163;10.5975,34.8304;10.5801,34.8448;10.6322,34.8809;10.6161,34.8936;10.6369,34.9043;10.6407,34.8968;10.6622,34.9186;10.6604,34.9260;10.6773,34.9391
Menzel El Habib|9.5486,34.2647;9.5392,34.2516;9.5444,34.2395;9.5223,34.2279;9.4813,34.2282;9.4703,34.2163;9.4550,34.2176;9.4381,34.2104;9.3814,34.2223;9.3780,34.2292;9.3663,34.2219;9.3184,34.2206;9.2589,34.1956;9.2474,34.1854;9.2756,34.1413;9.3043,34.1326;9.3075,34.1248;9.3508,34.1131;9.3560,34.0974;9.3825,34.0820;9.4711,34.0979;9.4739,34.1039;9.5208,34.1224;9.5742,34.1285;9.6242,34.1262;9.6354,34.1219;9.6515,34.0964;9.7138,34.0385;9.7233,34.0335;9.7352,34.0404;9.7841,34.0373;9.7939,34.0258;9.8538,34.0500;9.8769,34.0674;9.8821,34.0924;9.8730,34.0989;9.8819,34.1115;9.9101,34.1092;9.9055,34.1229;9.9088,34.1543;9.9170,34.1637;9.9177,34.1759;9.8957,34.1688;9.8916,34.1791;9.8636,34.1987;9.8652,34.2068;9.8545,34.2158;9.8520,34.2277;9.8252,34.2381;9.8160,34.2293;9.8186,34.2204;9.7549,34.2201;9.7111,34.2815;9.5486,34.2647
Menzel Jemil|9.9290,37.1508;9.9572,37.1612;9.9609,37.1776;9.9719,37.1898;9.9809,37.1852;9.9903,37.2025;10.0147,37.1867;10.0254,37.1964;10.0299,37.2042;10.0086,37.2139;10.0165,37.2296;10.0085,37.2356;10.0090,37.2497;9.9765,37.2472;9.9139,37.2563;9.9092,37.2467;9.8801,37.2445;9.8681,37.2544;9.8376,37.2413;9.8378,37.2344;9.8297,37.2297;9.8230,37.2314;9.8213,37.2255;9.8358,37.2231;9.8613,37.2323;9.8846,37.2248;9.9338,37.2232;9.9393,37.2079;9.9194,37.1655;9.9290,37.1508
Menzel Temime|10.9635,36.7127;11.0333,36.7965;11.0290,36.8025;11.0207,36.7969;11.0063,36.8064;11.0160,36.8522;11.0088,36.8662;10.9876,36.8785;10.9659,36.8628;10.9550,36.8877;10.9295,36.9000;10.9105,36.8866;10.8863,36.8398;10.8764,36.8360;10.8656,36.8411;10.8623,36.8211;10.8383,36.8281;10.8242,36.8551;10.8129,36.8489;10.7814,36.8509;10.7700,36.8363;10.7742,36.8310;10.7652,36.8254;10.7731,36.8097;10.7592,36.7928;10.7860,36.7850;10.8241,36.7630;10.8382,36.7784;10.8895,36.7352;10.9348,36.7318;10.9356,36.7247;10.9635,36.7127
Mezzouna|9.4531,34.4814;9.4594,34.4640;9.4887,34.4460;9.5073,34.3817;9.5607,34.3695;9.5385,34.3517;9.5503,34.3151;9.5449,34.2935;9.5519,34.2778;9.5486,34.2647;9.6955,34.2826;9.7615,34.2744;9.7413,34.3159;9.7201,34.3331;9.7231,34.3372;9.7644,34.3460;9.7795,34.3585;9.8010,34.3649;9.8321,34.3634;9.8591,34.3702;9.8875,34.3968;9.8984,34.4206;9.9208,34.4317;9.9168,34.4594;9.9244,34.4678;9.9358,34.4506;9.9476,34.4500;9.9966,34.4901;10.0076,34.4867;10.0471,34.5224;10.0598,34.5258;10.0226,34.5352;9.9694,34.5381;9.9812,34.5474;9.9706,34.5675;9.9005,34.5981;9.8825,34.5925;9.8728,34.6073;9.9011,34.6327;9.8793,34.6437;9.8861,34.6593;9.8803,34.6608;9.8413,34.6460;9.8218,34.6313;9.8006,34.6267;9.7899,34.6305;9.7825,34.6220;9.7484,34.6087;9.7255,34.6173;9.7041,34.6052;9.6982,34.5988;9.7082,34.5929;9.6964,34.5840;9.6958,34.5731;9.6794,34.5611;9.6683,34.5331;9.6548,34.5249;9.6581,34.5178;9.6502,34.5065;9.6331,34.4981;9.5118,34.4825;9.4602,34.4908;9.4531,34.4814
Mnihla|10.0759,36.8724;10.0749,36.8645;10.0891,36.8443;10.0939,36.8398;10.1056,36.8454;10.1118,36.8382;10.1463,36.8548;10.1380,36.8689;10.1487,36.8763;10.1305,36.8886;10.1173,36.8895;10.0759,36.8724
Mohamedia|10.1471,36.7087;10.1248,36.6945;10.0933,36.6969;10.0861,36.6737;10.0435,36.6196;10.0902,36.5962;10.1075,36.5809;10.1399,36.6008;10.1265,36.6273;10.1300,36.6403;10.1623,36.6405;10.1735,36.6508;10.1924,36.6523;10.1860,36.6579;10.2135,36.6777;10.2038,36.6894;10.2027,36.6845;10.1778,36.6778;10.1467,36.6977;10.1515,36.7060;10.1471,36.7087
Moknine|10.7355,35.4874;10.7309,35.4745;10.7536,35.4637;10.7597,35.4498;10.7816,35.4348;10.7813,35.4272;10.8085,35.4230;10.8153,35.4332;10.8252,35.4302;10.8259,35.4353;10.8429,35.4373;10.8469,35.4513;10.8372,35.4563;10.8473,35.4836;10.8672,35.4868;10.8734,35.4989;10.8936,35.5068;10.9243,35.5078;10.9159,35.5180;10.9215,35.5297;10.9289,35.5293;10.9374,35.5426;10.9466,35.5427;10.9277,35.5670;10.9346,35.5683;10.9338,35.5771;10.9071,35.5932;10.9129,35.5939;10.9106,35.6040;10.9177,35.6020;10.9141,35.6051;10.9344,35.6134;10.9344,35.6464;10.9109,35.6511;10.9078,35.6443;10.8716,35.6302;10.8739,35.6163;10.8500,35.6123;10.8294,35.5928;10.8333,35.5701;10.8520,35.5546;10.8441,35.5516;10.8469,35.5463;10.8041,35.5291;10.8031,35.5110;10.7837,35.5040;10.7822,35.4974;10.7600,35.5018;10.7545,35.4955;10.7391,35.5034;10.7355,35.4874
Monastir|10.8330,35.6975;10.8167,35.7203;10.8248,35.7167;10.8200,35.7209;10.8244,35.7217;10.8227,35.7402;10.8255,35.7457;10.8316,35.7424;10.8308,35.7543;10.8398,35.7566;10.8436,35.7684;10.8315,35.7798;10.8374,35.7783;10.8346,35.7880;10.8303,35.7800;10.8065,35.7851;10.7465,35.7651;10.7270,35.7672;10.6855,35.7875;10.6810,35.7806;10.7014,35.7604;10.7769,35.7437;10.7525,35.7136;10.7651,35.7037;10.7995,35.7136;10.8213,35.6917;10.8330,35.6975
Mornag|10.1924,36.6523;10.1735,36.6508;10.1623,36.6405;10.1300,36.6403;10.1265,36.6273;10.1399,36.6008;10.1453,36.6017;10.1453,36.5666;10.1511,36.5696;10.1524,36.5472;10.1642,36.5475;10.1651,36.5326;10.1988,36.5124;10.2708,36.5034;10.2523,36.4705;10.2533,36.4511;10.2692,36.4551;10.2797,36.4467;10.2902,36.4648;10.3477,36.4879;10.3400,36.4981;10.3442,36.5135;10.3546,36.5160;10.3481,36.5339;10.3787,36.5440;10.3804,36.5619;10.3627,36.5825;10.3323,36.5770;10.3744,36.6227;10.3668,36.6358;10.3731,36.6392;10.3612,36.6469;10.3683,36.6565;10.3629,36.6954;10.3355,36.7052;10.2902,36.6901;10.2827,36.7119;10.2642,36.7148;10.2532,36.7250;10.2473,36.7218;10.2505,36.7051;10.2316,36.6833;10.2382,36.6737;10.2146,36.6529;10.1924,36.6523
Mornaguia|9.8640,36.5750;9.8888,36.5726;9.9025,36.5530;9.9356,36.5847;9.9498,36.6070;9.9808,36.6175;10.0175,36.6628;10.0289,36.6544;10.0238,36.6489;10.0430,36.6227;10.0861,36.6737;10.0933,36.6969;10.0855,36.6952;10.0698,36.7061;10.0750,36.7241;10.0323,36.7396;10.0409,36.7453;10.0199,36.7795;10.0038,36.7869;9.9928,36.7805;9.9808,36.7982;9.9256,36.7923;9.9276,36.7791;9.9213,36.7758;9.9260,36.7639;9.9010,36.7649;9.9247,36.7264;9.9003,36.7113;9.9155,36.7055;9.8864,36.6969;9.9075,36.6829;9.9287,36.6464;9.8937,36.6184;9.8940,36.6057;9.8837,36.5904;9.8614,36.5874;9.8640,36.5750
Médenine Nord|10.3414,33.5138;10.3327,33.4898;10.2972,33.4697;10.2775,33.4293;10.2509,33.4210;10.2649,33.3847;10.2964,33.3329;10.3285,33.3374;10.3469,33.3189;10.3668,33.3103;10.4085,33.2705;10.4473,33.2136;10.4860,33.3369;10.5184,33.3834;10.4902,33.3885;10.4595,33.3742;10.4550,33.3950;10.4337,33.4262;10.4227,33.4339;10.4073,33.4254;10.3787,33.4470;10.3419,33.4910;10.3414,33.5138
Médenine Sud|10.5184,33.3834;10.4860,33.3369;10.4457,33.2071;10.4908,33.2348;10.4906,33.2147;10.6139,33.2037;10.6474,33.2327;10.6551,33.2562;10.7134,33.2649;10.7325,33.2815;10.7410,33.3281;10.7747,33.3823;10.7663,33.3828;10.7500,33.4004;10.7593,33.4270;10.7576,33.4455;10.7676,33.4557;10.7667,33.4748;10.7485,33.4725;10.7277,33.4898;10.6995,33.4912;10.7025,33.5194;10.6807,33.5343;10.6816,33.5408;10.6893,33.5399;10.6816,33.5432;10.6878,33.5579;10.7206,33.5755;10.7261,33.5950;10.7337,33.5991;10.7308,33.6383;10.7157,33.6399;10.6985,33.6253;10.7006,33.6213;10.6526,33.6012;10.6293,33.5793;10.5857,33.5230;10.6400,33.4931;10.5264,33.3981;10.5184,33.3834
Médina|10.1611,36.8003;10.1630,36.7935;10.1768,36.7930;10.1752,36.8023;10.1611,36.8003
Mégrine|10.2468,36.7555;10.2640,36.7722;10.2500,36.7870;10.2218,36.7862;10.2058,36.7785;10.2468,36.7555
Métlaoui|8.1516,34.2201;8.1548,34.2022;8.2903,34.1503;8.3284,34.1571;8.3277,34.1223;8.3437,34.1076;8.3338,34.0834;8.3489,34.0531;8.3871,34.0529;8.4118,34.0632;8.4716,34.0677;8.5370,34.0610;8.5924,34.0639;8.5886,34.0934;8.5943,34.1304;8.5865,34.1556;8.5930,34.1611;8.6030,34.2022;8.5906,34.1956;8.5454,34.1981;8.5331,34.2230;8.5205,34.2249;8.5096,34.2380;8.4912,34.2411;8.4801,34.2304;8.4753,34.2393;8.4803,34.2441;8.4734,34.2528;8.4788,34.2976;8.4746,34.3151;8.4801,34.3235;8.4762,34.3381;8.5076,34.3545;8.5057,34.3606;8.4915,34.3636;8.4883,34.3805;8.5135,34.3987;8.4852,34.4177;8.4191,34.4148;8.3944,34.4041;8.3770,34.4094;8.3434,34.4021;8.3359,34.3859;8.3472,34.3804;8.3431,34.3733;8.3479,34.3639;8.3325,34.3484;8.2464,34.3646;8.2185,34.3641;8.2099,34.3549;8.2126,34.3241;8.2442,34.2910;8.2463,34.2801;8.1903,34.2543;8.1492,34.2531;8.1516,34.2201
Nabeul|10.6486,36.5204;10.6430,36.5244;10.6336,36.4968;10.6108,36.4765;10.6149,36.4649;10.6483,36.4677;10.6781,36.4438;10.6741,36.4396;10.6857,36.4260;10.7528,36.4442;10.7179,36.4875;10.6901,36.5031;10.6944,36.5134;10.6905,36.5334;10.6738,36.5388;10.6486,36.5204
Nadhour|10.0421,36.2089;10.0172,36.2103;10.0208,36.2207;10.0025,36.2174;9.9829,36.2230;9.9510,36.2034;9.9036,36.1992;9.8952,36.1857;9.8972,36.1616;9.8700,36.1552;9.8382,36.1297;9.8478,36.1263;9.8433,36.1128;9.8713,36.0882;9.8659,36.0813;9.8962,36.0631;9.8943,36.0474;9.9009,36.0426;9.9361,36.0472;9.9543,36.0386;9.9737,36.0499;9.9753,36.0388;9.9963,36.0343;10.0112,36.0123;10.0203,36.0160;10.0443,36.0006;10.0607,36.0464;10.0526,36.0746;10.0583,36.1061;10.0651,36.0868;10.0778,36.0754;10.1375,36.0817;10.1349,36.0971;10.1260,36.1066;10.1492,36.1299;10.1741,36.1381;10.1160,36.1349;10.1001,36.1642;10.0808,36.1533;10.0098,36.1523;10.0079,36.1642;10.0478,36.1905;10.0421,36.2089
Nasrallah|9.8198,35.4902;9.7981,35.4786;9.7907,35.4831;9.7752,35.4657;9.7390,35.4617;9.7307,35.4416;9.7112,35.4364;9.6982,35.4181;9.7000,35.4084;9.6813,35.3658;9.7045,35.3528;9.6957,35.3394;9.7026,35.3329;9.6940,35.2992;9.7041,35.2751;9.6912,35.2116;9.6988,35.2007;9.7478,35.1804;9.7941,35.1816;9.8217,35.1715;9.8732,35.1661;9.8839,35.1700;9.8827,35.1799;9.8884,35.1849;9.9426,35.1989;9.9505,35.2077;9.9593,35.2054;9.9649,35.2159;9.9619,35.2527;9.9561,35.2606;9.9599,35.2727;9.9237,35.2901;9.9398,35.3149;9.9305,35.3179;9.9230,35.3302;9.9266,35.3391;9.9121,35.3607;9.9112,35.3932;9.9010,35.3884;9.8982,35.4009;9.9139,35.4100;9.8871,35.4159;9.9070,35.4502;9.9007,35.4530;9.9070,35.4564;9.8893,35.4615;9.8914,35.4659;9.8791,35.4741;9.8990,35.4798;9.9093,35.4899;9.8852,35.5087;9.8198,35.4902
Nebeur|8.9735,36.2824;8.9687,36.2910;8.9555,36.2954;8.9624,36.3037;8.9517,36.3036;8.9440,36.3142;8.9533,36.3154;8.9477,36.3224;8.9613,36.3307;8.9603,36.3369;8.9666,36.3328;8.9658,36.3413;8.9770,36.3366;8.9738,36.3419;8.9822,36.3403;8.9807,36.3458;8.9873,36.3480;8.9728,36.3648;8.9779,36.3766;8.9668,36.3840;8.9612,36.4037;8.9413,36.4132;8.9280,36.4297;8.9245,36.4414;8.9397,36.4534;8.9157,36.4477;8.9007,36.4257;8.8696,36.4139;8.8470,36.4177;8.8160,36.4007;8.7696,36.3927;8.7547,36.3968;8.7524,36.4038;8.7398,36.4043;8.7153,36.3930;8.6936,36.4084;8.6616,36.4192;8.6113,36.4066;8.6066,36.3956;8.5789,36.4032;8.5528,36.3952;8.5434,36.3987;8.5171,36.3801;8.5179,36.3717;8.5403,36.3550;8.5223,36.3187;8.5576,36.2990;8.5604,36.2890;8.6019,36.2526;8.6156,36.2514;8.6243,36.2441;8.6248,36.2343;8.6502,36.2347;8.6878,36.2115;8.7313,36.2068;8.7681,36.2283;8.7819,36.2262;8.7959,36.2394;8.8041,36.2681;8.8255,36.2524;8.8516,36.2182;8.8925,36.2419;8.9300,36.2519;8.9735,36.2824
Nefta|7.7518,34.1077;7.7397,33.9772;7.7570,33.9125;7.7303,33.8490;7.7001,33.8241;7.7267,33.7944;7.7190,33.7469;7.7426,33.6945;7.9292,33.5069;8.1448,33.6601;8.0903,33.7358;8.0533,33.8016;8.0106,33.8556;8.0079,33.8666;8.0232,33.8867;8.0072,33.9352;7.9618,33.9252;7.9750,33.9753;7.9779,34.1284;7.8865,34.1198;7.8643,34.1332;7.8296,34.1146;7.7518,34.1077
Nefza|9.1438,36.8463;9.1804,36.8669;9.1626,36.8818;9.1487,36.8819;9.1428,36.8908;9.1699,36.9038;9.1808,36.9182;9.2156,36.9161;9.2206,36.9220;9.2327,36.9117;9.2455,36.9116;9.2602,36.9285;9.2316,36.9573;9.2037,36.9704;9.2149,36.9802;9.2161,37.0032;9.2046,37.0104;9.2066,37.0276;9.1872,37.0506;9.1463,37.0542;9.1083,37.0465;9.0955,37.0693;9.0746,37.0821;9.0916,37.1125;9.1060,37.1169;9.1116,37.1286;9.0967,37.1362;9.0821,37.1570;9.0737,37.1564;9.0262,37.1374;9.0092,37.1189;8.9784,37.1040;8.9848,37.0983;8.9544,37.0621;8.8846,37.0086;8.9246,36.9882;8.9257,36.9733;8.9437,36.9504;8.9330,36.9445;8.9278,36.9236;8.9703,36.9068;8.9982,36.8854;9.0125,36.8854;9.0255,36.8967;9.0430,36.8908;9.0611,36.8751;9.0604,36.8665;9.0721,36.8615;9.0762,36.8524;9.0635,36.8397;9.0769,36.8346;9.0871,36.8188;9.1026,36.8296;9.0994,36.8347;9.1151,36.8468;9.1141,36.8551;9.1438,36.8463
Nouvelle Matmata|10.1330,33.7227;10.1094,33.7142;10.0943,33.6921;10.0706,33.6908;10.0411,33.6759;10.0437,33.6957;10.0616,33.7237;10.0559,33.7376;10.0293,33.7226;10.0222,33.7252;9.9914,33.7143;9.9774,33.7180;9.9380,33.7491;9.9351,33.7394;9.8010,33.6623;9.7603,33.6565;9.7419,33.6806;9.7184,33.6841;9.6077,33.6390;9.5409,33.6019;9.5652,33.5855;9.5814,33.5943;9.6411,33.5893;9.7393,33.5580;9.7733,33.5549;9.7982,33.5393;9.8126,33.5413;9.8145,33.5493;9.8301,33.5451;9.8502,33.5654;9.8120,33.6629;9.8259,33.6561;9.8434,33.6313;9.8781,33.6107;9.8821,33.5994;9.8947,33.6001;9.9013,33.5920;9.9356,33.5844;9.9523,33.5723;9.9899,33.5735;10.0094,33.5517;10.0145,33.5297;10.0197,33.5325;10.0386,33.5184;10.0427,33.5038;10.0562,33.4921;10.0937,33.4869;10.1016,33.4942;10.1004,33.5104;10.1146,33.5161;10.1298,33.5117;10.1252,33.5162;10.1429,33.5491;10.1510,33.5857;10.1469,33.5891;10.1570,33.5977;10.1425,33.6547;10.1398,33.7120;10.1330,33.7227
Nouvelle Médina|10.2532,36.7250;10.2565,36.7360;10.2747,36.7409;10.2468,36.7555;10.2273,36.7442;10.2475,36.7127;10.2473,36.7218;10.2532,36.7250
Oued Ellil|10.0759,36.8724;10.0548,36.8708;10.0395,36.8539;10.0253,36.8480;9.9892,36.8522;9.9810,36.8384;9.9658,36.8414;9.9679,36.8124;9.9812,36.8115;9.9758,36.8040;9.9894,36.8069;10.0038,36.7869;10.0265,36.7988;10.0516,36.7867;10.0598,36.7971;10.0739,36.7996;10.0479,36.8172;10.0753,36.8162;10.0601,36.8321;10.0671,36.8333;10.0760,36.8551;10.0821,36.8553;10.0759,36.8724
Oued Meliz|8.5397,36.3953;8.5789,36.4032;8.6066,36.3956;8.6113,36.4066;8.6616,36.4192;8.6918,36.4419;8.6578,36.4537;8.6628,36.4590;8.6576,36.4600;8.6595,36.4663;8.6713,36.4731;8.6497,36.4963;8.6468,36.5029;8.6536,36.5112;8.6450,36.5161;8.6209,36.5142;8.6000,36.5021;8.5854,36.4830;8.5493,36.4974;8.5519,36.5259;8.5405,36.5345;8.5403,36.5523;8.5233,36.5630;8.5156,36.5769;8.4989,36.5646;8.4965,36.5348;8.4845,36.5340;8.4765,36.5216;8.5179,36.4894;8.5213,36.4766;8.5144,36.4700;8.5088,36.4758;8.5026,36.4717;8.5051,36.4671;8.4853,36.4599;8.4887,36.4348;8.4838,36.4163;8.5139,36.3985;8.5370,36.4008;8.5397,36.3953
Ouerdanine|10.6477,35.6709;10.6689,35.6636;10.6868,35.6674;10.6918,35.6581;10.6938,35.6634;10.6978,35.6600;10.7134,35.6725;10.7144,35.6894;10.7240,35.6945;10.7215,35.7017;10.7124,35.7093;10.7014,35.7068;10.6895,35.7282;10.6830,35.7193;10.6749,35.7210;10.6680,35.7416;10.6442,35.7430;10.6344,35.7338;10.6234,35.7330;10.6423,35.7146;10.6336,35.6999;10.6382,35.6933;10.6253,35.6856;10.6477,35.6709
Oueslatia|9.8616,35.8275;9.8385,35.8494;9.8180,35.8548;9.7916,35.8762;9.7710,35.8708;9.7716,35.8984;9.8106,35.9224;9.8204,35.9419;9.8124,35.9543;9.8127,35.9728;9.8278,36.0088;9.8118,36.0283;9.8214,36.0455;9.8304,36.0492;9.8254,36.0895;9.8078,36.1068;9.7793,36.1022;9.7556,36.1136;9.7533,36.0901;9.7120,36.0637;9.7042,36.0503;9.6445,36.0162;9.6096,35.9775;9.5238,35.9219;9.5176,35.9123;9.4913,35.9104;9.4874,35.9045;9.4930,35.8727;9.5176,35.8616;9.5150,35.8513;9.5233,35.8441;9.5192,35.8272;9.5088,35.8200;9.5094,35.8107;9.4983,35.7952;9.5100,35.7876;9.4837,35.7876;9.5012,35.7652;9.5428,35.7433;9.5453,35.7315;9.5378,35.7221;9.5369,35.6994;9.5468,35.6798;9.5573,35.6733;9.5614,35.6753;9.5577,35.7011;9.5841,35.7224;9.5983,35.7253;9.5961,35.7415;9.6269,35.7911;9.6490,35.7854;9.6481,35.7679;9.6370,35.7571;9.6506,35.7450;9.6573,35.7538;9.6619,35.7304;9.6737,35.7336;9.6795,35.7121;9.7299,35.7246;9.7643,35.7261;9.7701,35.7208;9.7998,35.7379;9.8395,35.7435;9.8417,35.7835;9.8570,35.8134;9.8679,35.8203;9.8616,35.8275
Ouled Chamekh|10.2198,35.4716;10.2250,35.4566;10.2208,35.4430;10.1859,35.4247;10.2278,35.3678;10.2866,35.3835;10.3023,35.3715;10.3233,35.3860;10.3439,35.3843;10.3591,35.3668;10.3864,35.3654;10.3913,35.3740;10.4104,35.3690;10.4121,35.3750;10.3979,35.3887;10.4266,35.4182;10.4157,35.4273;10.4142,35.4387;10.4233,35.4516;10.4628,35.4543;10.4523,35.4687;10.4583,35.4747;10.4265,35.4890;10.4230,35.4972;10.4029,35.4898;10.3911,35.4939;10.3925,35.4984;10.3765,35.4925;10.3895,35.4937;10.3783,35.4848;10.3856,35.4833;10.3832,35.4775;10.3712,35.4708;10.3621,35.4930;10.3557,35.4910;10.3509,35.5005;10.3363,35.5022;10.3198,35.5218;10.3142,35.5180;10.3106,35.5296;10.3012,35.5264;10.3077,35.5342;10.2944,35.5397;10.2929,35.5515;10.3010,35.5530;10.3087,35.5715;10.3224,35.5695;10.3149,35.5801;10.3270,35.5732;10.3233,35.5841;10.3305,35.5949;10.3057,35.5816;10.2741,35.5805;10.2337,35.5678;10.2073,35.5537;10.2573,35.4988;10.2198,35.4716
Ouled Haffouz|9.6988,35.2007;9.7087,35.1415;9.6961,35.1184;9.7313,35.1086;9.7182,35.0979;9.7214,35.0820;9.7661,35.0515;9.7885,35.0202;9.7924,34.9922;9.8767,35.0186;9.9195,35.0633;9.9695,35.0489;9.9764,35.0543;10.0004,35.0417;10.0174,35.0506;10.0058,35.0524;10.0129,35.0661;9.9941,35.0842;10.0023,35.1029;9.9921,35.1208;9.9971,35.1265;9.9948,35.1551;10.0015,35.1645;9.9736,35.1818;9.9676,35.2024;9.9505,35.2077;9.9426,35.1989;9.8884,35.1849;9.8827,35.1799;9.8839,35.1700;9.8732,35.1661;9.8217,35.1715;9.7941,35.1816;9.7478,35.1804;9.6988,35.2007
Oum El Araies|8.3399,34.3989;8.3718,34.4089;8.3944,34.4041;8.4191,34.4148;8.4852,34.4177;8.5135,34.3987;8.5487,34.4494;8.5935,34.4773;8.6330,34.4834;8.6371,34.5001;8.6153,34.5117;8.5633,34.5168;8.5400,34.5283;8.5410,34.5472;8.5164,34.5683;8.5028,34.6072;8.5170,34.6411;8.5055,34.6421;8.4827,34.6642;8.4427,34.6853;8.3628,34.7116;8.3242,34.7328;8.3148,34.7283;8.2955,34.7314;8.2647,34.6923;8.2447,34.6910;8.2371,34.6767;8.2562,34.6618;8.2807,34.6574;8.2738,34.6440;8.2413,34.6315;8.2501,34.6145;8.2318,34.6154;8.2110,34.6035;8.2043,34.5890;8.2222,34.5780;8.1700,34.5743;8.1715,34.5645;8.1615,34.5692;8.1667,34.5527;8.1512,34.5464;8.1491,34.5336;8.1348,34.5286;8.1182,34.4859;8.1719,34.4689;8.1851,34.4524;8.2224,34.4494;8.2417,34.4656;8.2880,34.4354;8.3097,34.4086;8.3399,34.3989
Radès|10.2747,36.7409;10.2802,36.7396;10.2827,36.7525;10.3012,36.7621;10.2858,36.7845;10.2862,36.7914;10.2915,36.7892;10.2746,36.7962;10.2923,36.7884;10.2839,36.7962;10.2904,36.7933;10.2922,36.8042;10.3071,36.8051;10.2854,36.8124;10.2600,36.8085;10.2626,36.7999;10.2704,36.8008;10.2702,36.7776;10.2468,36.7555;10.2747,36.7409
Raoued|10.1542,36.8907;10.1855,36.8750;10.2088,36.8878;10.2112,36.8924;10.1912,36.9060;10.1805,36.9375;10.1963,36.9379;10.2171,36.9506;10.2391,36.9513;10.2051,36.9823;10.1941,36.9782;10.1877,36.9630;10.1720,36.9528;10.1677,36.9723;10.1519,36.9708;10.1435,36.9648;10.1595,36.9503;10.1405,36.9463;10.1141,36.9248;10.1179,36.9137;10.1304,36.9142;10.1329,36.8999;10.1542,36.8907
Ras Jebel|10.0299,37.2042;10.0402,37.2021;10.0477,37.2150;10.0644,37.2074;10.0802,37.2159;10.1002,37.1970;10.1447,37.1840;10.2337,37.1761;10.2667,37.1816;10.2176,37.1855;10.1947,37.2066;10.1678,37.2149;10.1491,37.2282;10.1245,37.2375;10.0869,37.2410;10.0680,37.2690;10.0090,37.2497;10.0085,37.2356;10.0165,37.2296;10.0086,37.2139;10.0299,37.2042
Redeyef|8.1182,34.4859;8.1012,34.4477;8.0779,34.4166;8.0952,34.3989;8.0417,34.3285;8.0649,34.3021;8.1220,34.2616;8.1516,34.2201;8.1492,34.2531;8.1903,34.2543;8.2463,34.2801;8.2442,34.2910;8.2126,34.3241;8.2113,34.3592;8.2276,34.3671;8.3325,34.3484;8.3479,34.3639;8.3431,34.3733;8.3472,34.3804;8.3359,34.3859;8.3399,34.3989;8.3097,34.4086;8.2880,34.4354;8.2417,34.4656;8.2224,34.4494;8.1851,34.4524;8.1719,34.4689;8.1182,34.4859
Regueb|9.8861,34.6593;9.9085,34.6653;9.8994,34.6795;9.9182,34.7206;9.9131,34.7512;9.9393,34.7561;9.9414,34.7779;9.9607,34.8281;9.9546,34.8310;9.9786,34.8722;10.0087,34.8971;10.0291,34.9487;10.0636,35.0033;10.0633,35.0202;9.9764,35.0543;9.9695,35.0489;9.9195,35.0633;9.8767,35.0186;9.7655,34.9847;9.7371,34.9626;9.7113,34.9580;9.6614,34.9304;9.6471,34.8963;9.6376,34.8879;9.6452,34.8780;9.6287,34.8694;9.6393,34.8603;9.6311,34.8511;9.6378,34.8297;9.6265,34.8216;9.6314,34.7857;9.6967,34.7685;9.7249,34.7395;9.7180,34.7056;9.7564,34.6886;9.7626,34.6793;9.7775,34.6908;9.7966,34.6921;9.8130,34.6637;9.8413,34.6460;9.8861,34.6593
Remada|10.4003,32.5814;10.3700,32.5802;10.3537,32.5924;10.3429,32.6189;10.2893,32.6278;10.2745,32.6166;10.2485,32.6173;10.2311,32.6088;10.1449,32.6079;10.0890,32.5839;10.0578,32.5881;10.0429,32.5786;10.0234,32.5778;10.0046,32.5842;9.9900,32.5759;9.9657,32.5870;9.9882,32.6206;9.9505,32.6476;9.9350,32.6476;9.9142,32.6585;9.9019,32.6708;9.9010,32.6831;9.8708,32.6928;9.8609,32.7020;9.8418,32.7034;9.8397,32.7176;9.8281,32.7270;9.8074,32.7217;9.7912,32.7571;9.7746,32.7688;9.7683,32.7867;9.7576,32.7913;9.7500,32.7876;9.7374,32.7968;9.7149,32.7934;9.7099,32.8006;9.6791,32.7924;9.6793,32.7833;9.6577,32.7803;9.6496,32.7731;9.6409,32.7768;9.6134,32.7680;9.5969,32.7553;9.5897,32.7612;9.5595,32.7550;9.5217,32.7289;9.4715,32.7069;9.2113,32.6489;8.3568,32.5026;8.8003,32.2362;9.0653,32.0874;9.0985,31.9994;9.1975,31.6363;9.5585,30.2302;9.6080,30.2423;9.6683,30.2752;9.8318,30.3372;9.8775,30.3369;9.9441,30.3834;9.9543,30.4033;9.9811,30.4255;10.0071,30.4698;10.0696,30.5084;10.2019,30.6935;10.2190,30.7043;10.2721,30.8005;10.2848,30.8352;10.2931,30.8775;10.3056,30.8950;10.2847,30.9550;10.2751,31.0408;10.2941,31.0913;10.2657,31.1218;10.2569,31.1692;10.2621,31.1869;10.2458,31.1979;10.2037,31.2838;10.1663,31.3770;10.1504,31.4422;9.9816,31.7017;10.0228,31.7768;10.0826,31.8210;10.0955,31.8547;10.0870,31.8736;10.1049,31.8964;10.1560,31.9199;10.2107,31.9154;10.2410,31.9378;10.2632,31.9403;10.2837,31.9602;10.3585,32.0047;10.4132,31.9986;10.4270,32.0070;10.4748,32.0011;10.4730,32.0184;10.4887,32.0328;10.4973,32.0779;10.5560,32.1515;10.5903,32.1693;10.6595,32.1889;10.6656,32.2021;10.6787,32.1978;10.6803,32.2227;10.7204,32.2651;10.7183,32.2738;10.7269,32.2920;10.7197,32.3146;10.7091,32.3205;10.7168,32.3364;10.7233,32.3850;10.8020,32.4951;10.6401,32.4872;10.6003,32.4773;10.5786,32.4822;10.5623,32.5032;10.4730,32.5668;10.4360,32.5858;10.4003,32.5814
Rouhia|9.0124,35.7011;8.9640,35.6769;8.9818,35.6767;9.0001,35.6662;8.9860,35.6633;8.9942,35.6330;9.0237,35.6284;9.0485,35.6344;9.0555,35.6217;9.0800,35.6126;9.0869,35.6005;9.1053,35.6267;9.1147,35.6275;9.1320,35.6102;9.1507,35.6194;9.1668,35.6120;9.1745,35.6170;9.1706,35.6055;9.1924,35.5943;9.1838,35.5850;9.1811,35.5627;9.2051,35.5558;9.2143,35.5428;9.2680,35.5535;9.2741,35.5457;9.2703,35.5323;9.2935,35.5348;9.3104,35.5135;9.3223,35.5109;9.3302,35.4925;9.3230,35.4885;9.3331,35.4776;9.3637,35.4793;9.3953,35.4953;9.4454,35.4845;9.4641,35.4931;9.4424,35.5023;9.4335,35.5343;9.3959,35.5477;9.3983,35.5594;9.4199,35.5632;9.4226,35.5764;9.4087,35.5711;9.3923,35.5820;9.3893,35.5960;9.3695,35.5975;9.3484,35.6297;9.3062,35.6542;9.2713,35.6948;9.2534,35.6991;9.2549,35.7077;9.2300,35.7214;9.2230,35.7382;9.1933,35.7539;9.1579,35.7942;9.1282,35.7892;9.1309,35.8051;9.1218,35.8185;9.1290,35.8207;9.1252,35.8362;9.0942,35.8188;9.0910,35.8018;9.0767,35.7831;9.0434,35.7650;9.0385,35.7840;9.0177,35.7625;9.0344,35.7302;9.0456,35.6805;9.0124,35.7011
Sahline|10.6680,35.7416;10.6749,35.7210;10.6830,35.7193;10.6895,35.7282;10.7014,35.7068;10.7124,35.7093;10.7215,35.7017;10.7525,35.7136;10.7769,35.7437;10.7014,35.7604;10.6803,35.7813;10.6699,35.7715;10.6757,35.7572;10.6680,35.7416
Sakiet Eddaïer|10.7882,34.7507;10.8063,34.7613;10.8050,34.7670;10.8140,34.7693;10.8254,34.7843;10.8714,34.7992;10.8660,34.8279;10.8838,34.8387;10.8604,34.8588;10.8656,34.8687;10.8457,34.8853;10.8434,34.8782;10.8330,34.8860;10.8259,34.8810;10.8086,34.9018;10.7750,34.9180;10.7676,34.9108;10.7721,34.8727;10.7667,34.8486;10.7821,34.8305;10.7774,34.7994;10.7684,34.7884;10.7721,34.7757;10.7662,34.7722;10.7882,34.7507
Sakiet Ezzit|10.7490,34.7716;10.7721,34.7757;10.7684,34.7884;10.7774,34.7994;10.7761,34.8167;10.7814,34.8235;10.7818,34.8347;10.7667,34.8486;10.7721,34.8727;10.7676,34.9108;10.7599,34.9025;10.7477,34.9208;10.6933,34.9509;10.6801,34.9435;10.6781,34.9318;10.7080,34.8809;10.6881,34.8807;10.7175,34.8562;10.7351,34.8147;10.7166,34.8162;10.7490,34.7716
Sakiet Sidi Youssef|8.3765,36.3501;8.3854,36.3338;8.3768,36.3184;8.3911,36.3049;8.3558,36.2878;8.3379,36.2645;8.3494,36.2622;8.3536,36.2546;8.3547,36.2324;8.3379,36.2126;8.3317,36.1933;8.3070,36.1744;8.3093,36.1613;8.3385,36.1378;8.3460,36.0970;8.3417,36.0901;8.3210,36.0837;8.3117,36.0696;8.3141,36.0628;8.2969,36.0402;8.3001,36.0108;8.2908,35.9569;8.3004,35.9563;8.3069,35.9642;8.3134,35.9597;8.3257,35.9781;8.3380,35.9655;8.3857,35.9784;8.4010,35.9914;8.4104,35.9879;8.4127,35.9958;8.4305,36.0005;8.4473,36.0134;8.4580,36.0328;8.4757,36.0423;8.4672,36.0548;8.4813,36.0607;8.4676,36.0633;8.4707,36.0707;8.4623,36.0743;8.4636,36.0812;8.4830,36.0870;8.4854,36.0915;8.4775,36.0982;8.4892,36.1019;8.4896,36.1116;8.5083,36.1232;8.4994,36.1287;8.5038,36.1323;8.5244,36.1305;8.5181,36.1353;8.5164,36.1419;8.5232,36.1461;8.5154,36.1621;8.5260,36.1665;8.5361,36.1598;8.5462,36.1682;8.5400,36.1743;8.5577,36.1695;8.5630,36.1832;8.5925,36.1894;8.6037,36.2029;8.5998,36.2162;8.6132,36.2139;8.6118,36.2042;8.6257,36.2087;8.6177,36.2196;8.6284,36.2288;8.6243,36.2441;8.6019,36.2526;8.5604,36.2890;8.5576,36.2990;8.5223,36.3187;8.5403,36.3550;8.5179,36.3717;8.5171,36.3801;8.4815,36.3760;8.4632,36.3669;8.4607,36.3531;8.4496,36.3472;8.3765,36.3501
Saouaf|10.1741,36.1381;10.1818,36.1379;10.1841,36.1579;10.2337,36.1658;10.2396,36.1563;10.2517,36.1576;10.2642,36.1660;10.2662,36.1768;10.2551,36.1952;10.2659,36.2138;10.2537,36.2228;10.2635,36.2282;10.2520,36.2446;10.2161,36.2672;10.1975,36.2908;10.1863,36.2873;10.1886,36.2709;10.1210,36.2944;10.1034,36.2821;10.1182,36.2673;10.1193,36.2411;10.0874,36.2450;10.0640,36.2313;10.0520,36.2502;10.0437,36.2339;10.0478,36.1905;10.0052,36.1606;10.0152,36.1506;10.0518,36.1562;10.0540,36.1519;10.0808,36.1533;10.1001,36.1642;10.1160,36.1349;10.1741,36.1381
Sayada-Lamta-Bou Hajar|10.9249,35.6508;10.9340,35.6597;10.8944,35.6764;10.8871,35.6743;10.8684,35.6838;10.8626,35.6772;10.8660,35.6731;10.8498,35.6765;10.8569,35.6550;10.8813,35.6648;10.9249,35.6508
Sbeïtla|9.0118,35.4655;8.9896,35.4637;8.9594,35.4370;8.9416,35.4284;8.9159,35.4284;8.8702,35.3983;8.8694,35.3887;8.8567,35.3811;8.8598,35.3777;8.8348,35.3636;8.8075,35.3361;8.7992,35.3136;8.8022,35.3055;8.8462,35.3092;8.8902,35.2761;8.9047,35.2396;8.9482,35.2238;8.9522,35.2184;8.9479,35.2167;8.9900,35.1792;9.0160,35.1770;9.0304,35.1689;9.0205,35.1516;9.0238,35.1471;9.0617,35.1397;9.0720,35.1286;9.0928,35.1281;9.0924,35.1112;9.1146,35.0981;9.1147,35.0908;9.1271,35.0913;9.1333,35.0712;9.1481,35.0615;9.1519,35.0386;9.1703,35.0107;9.1866,35.0144;9.2043,35.0089;9.2218,35.0193;9.2778,35.0249;9.3239,35.0827;9.3026,35.1022;9.2631,35.1177;9.2429,35.1376;9.2537,35.1671;9.2523,35.1791;9.2381,35.1981;9.2749,35.2151;9.2489,35.2313;9.2035,35.2451;9.1960,35.2586;9.1504,35.2879;9.1576,35.3112;9.1922,35.3644;9.1686,35.3803;9.1361,35.4231;9.1203,35.4315;9.0980,35.4324;9.0969,35.4461;9.0758,35.4701;9.0345,35.4754;9.0118,35.4655
Sbiba|9.3394,35.4785;9.3303,35.4788;9.3230,35.4885;9.3302,35.4925;9.3223,35.5109;9.3104,35.5135;9.2935,35.5348;9.2703,35.5323;9.2741,35.5457;9.2680,35.5535;9.2143,35.5428;9.2051,35.5558;9.1811,35.5627;9.1838,35.5850;9.1924,35.5943;9.1706,35.6055;9.1745,35.6170;9.1668,35.6120;9.1507,35.6194;9.1320,35.6102;9.1147,35.6275;9.1053,35.6267;9.0880,35.6051;9.0912,35.5732;9.0183,35.5700;8.9826,35.5496;8.9797,35.5424;8.9995,35.5362;9.0069,35.5068;9.0178,35.5005;9.0122,35.5005;9.0118,35.4655;9.0345,35.4754;9.0758,35.4701;9.0969,35.4461;9.0980,35.4324;9.1203,35.4315;9.1361,35.4231;9.1686,35.3803;9.1922,35.3644;9.2089,35.3918;9.2319,35.4124;9.3394,35.4785
Sbikha|9.9812,35.7661;10.0292,35.8028;10.0469,35.8066;10.0858,35.8048;10.1057,35.7847;10.1241,35.7790;10.1386,35.7842;10.1502,35.8106;10.1662,35.8217;10.1592,35.8247;10.1612,35.8365;10.1721,35.8402;10.1702,35.8451;10.1808,35.8536;10.1768,35.8676;10.1812,35.8798;10.2023,35.9038;10.2143,35.9061;10.2192,35.9196;10.2290,35.9185;10.2578,35.9797;10.2555,36.0357;10.2217,36.0550;10.2037,36.0566;10.2165,36.0861;10.2067,36.0888;10.2102,36.0957;10.2019,36.1054;10.2065,36.1355;10.1741,36.1381;10.1392,36.1232;10.1260,36.1066;10.1349,36.0971;10.1375,36.0817;10.0778,36.0754;10.0651,36.0868;10.0583,36.1061;10.0526,36.0746;10.0607,36.0464;10.0443,36.0006;10.0203,36.0160;10.0112,36.0123;9.9963,36.0343;9.9753,36.0388;9.9737,36.0499;9.9543,36.0386;9.9361,36.0472;9.9009,36.0426;9.8943,36.0474;9.8962,36.0631;9.8780,36.0753;9.8432,36.0738;9.8426,36.0638;9.8214,36.0455;9.8118,36.0283;9.8278,36.0088;9.8127,35.9728;9.8193,35.9367;9.7939,35.9081;9.7716,35.8984;9.7710,35.8708;9.7916,35.8762;9.8180,35.8548;9.8385,35.8494;9.8567,35.8270;9.8687,35.8281;9.9053,35.8118;9.9245,35.8189;9.9359,35.8137;9.9812,35.7661
Sejnane|9.5059,37.1965;9.4763,37.2297;9.4742,37.2683;9.4563,37.2630;9.4432,37.2689;9.4084,37.2695;9.3878,37.2642;9.3888,37.2588;9.3746,37.2488;9.3308,37.2312;9.2968,37.2318;9.2549,37.2161;9.2257,37.2186;9.2174,37.2410;9.1891,37.2236;9.1756,37.2025;9.1219,37.1622;9.0821,37.1570;9.0967,37.1362;9.1116,37.1286;9.1060,37.1169;9.0916,37.1125;9.0746,37.0821;9.0955,37.0693;9.1083,37.0465;9.1463,37.0542;9.1872,37.0506;9.2066,37.0276;9.2046,37.0104;9.2161,37.0032;9.2475,37.0211;9.2598,37.0154;9.2663,37.0225;9.2890,37.0178;9.3049,37.0274;9.3602,37.0333;9.3555,37.0477;9.3599,37.0597;9.3486,37.0617;9.3687,37.0705;9.3648,37.0758;9.3947,37.0960;9.3922,37.1375;9.4214,37.1440;9.4422,37.1633;9.4888,37.1826;9.5059,37.1965
Sfax Ouest|10.6951,34.7349;10.7237,34.7095;10.7523,34.7412;10.7182,34.7612;10.6929,34.7402;10.6951,34.7349
Sfax Sud|10.6773,34.9391;10.6604,34.9260;10.6622,34.9186;10.6407,34.8968;10.6369,34.9043;10.6161,34.8936;10.6322,34.8809;10.5801,34.8448;10.5975,34.8304;10.5847,34.8163;10.6109,34.8038;10.6152,34.7934;10.6075,34.7880;10.6184,34.7720;10.6086,34.7701;10.6216,34.7563;10.6167,34.7413;10.6436,34.7408;10.6411,34.7301;10.6951,34.7349;10.6929,34.7402;10.7113,34.7570;10.7490,34.7716;10.7166,34.8162;10.7351,34.8147;10.7175,34.8562;10.6881,34.8807;10.7080,34.8809;10.6804,34.9239;10.6773,34.9391
Sfax Ville|10.7182,34.7612;10.7523,34.7412;10.7237,34.7095;10.7479,34.6892;10.7543,34.6991;10.7537,34.7239;10.7606,34.7196;10.7602,34.7111;10.7675,34.7131;10.7609,34.7113;10.7652,34.7130;10.7611,34.7215;10.7685,34.7139;10.7762,34.7213;10.7636,34.7268;10.7698,34.7313;10.7797,34.7291;10.7812,34.7222;10.7866,34.7315;10.7825,34.7477;10.7882,34.7507;10.7658,34.7773;10.7182,34.7612
Sidi Ali Ben Aoun|8.9896,34.7212;9.0076,34.7074;9.0261,34.7062;9.0410,34.6937;9.0547,34.6927;9.0678,34.6798;9.0839,34.7026;9.0999,34.7091;9.1181,34.7037;9.1562,34.7171;9.1526,34.7063;9.1905,34.6930;9.1962,34.7061;9.2278,34.7083;9.2632,34.6838;9.2979,34.6937;9.3176,34.7211;9.2891,34.7512;9.2835,34.7660;9.2865,34.7756;9.2656,34.8158;9.2437,34.8380;9.2175,34.8350;9.2166,34.8636;9.2345,34.8798;9.2247,34.8912;9.2325,34.8975;9.1725,34.8945;9.1197,34.9082;9.1178,34.9294;9.1038,34.9326;9.1003,34.9460;9.1063,34.9676;9.0610,34.9560;9.0499,34.9370;9.0354,34.9403;9.0381,34.9228;9.0259,34.9141;9.0312,34.8992;9.0273,34.8889;9.0584,34.8903;9.0649,34.8791;9.0583,34.8693;8.9717,34.8257;8.9413,34.8236;8.9209,34.8102;8.9521,34.7540;8.9896,34.7212
Sidi Alouane|10.8047,35.2460;10.8024,35.2169;10.8368,35.1616;10.8346,35.1452;10.8876,35.1610;10.9424,35.2490;10.9300,35.2620;10.9482,35.2974;10.9470,35.3227;10.9153,35.3269;10.9376,35.3453;10.9495,35.3354;10.9567,35.3412;10.9599,35.3784;10.9526,35.3853;10.9314,35.3848;10.9275,35.3946;10.9165,35.3881;10.9097,35.3982;10.8925,35.3934;10.8893,35.4033;10.8819,35.4013;10.8667,35.4213;10.8664,35.4305;10.8264,35.4098;10.8224,35.3978;10.8148,35.3976;10.8080,35.3880;10.7987,35.3879;10.7939,35.3832;10.8092,35.3484;10.8151,35.3473;10.8109,35.3420;10.8278,35.3275;10.8156,35.3252;10.8285,35.3145;10.8151,35.3070;10.8555,35.2749;10.8577,35.2586;10.8047,35.2460
Sidi Aïch|8.6248,34.6582;8.6646,34.6228;8.6760,34.6002;8.6948,34.5926;8.7253,34.6129;8.7446,34.6048;8.7912,34.6360;8.8953,34.5857;8.9014,34.5912;8.9141,34.5809;8.9454,34.5784;8.9537,34.5909;8.9382,34.5953;8.9174,34.6171;8.9381,34.6490;8.9419,34.6714;8.9896,34.7212;8.9521,34.7540;8.9209,34.8102;8.7890,34.7533;8.7506,34.7251;8.7303,34.7249;8.6248,34.6582
Sidi Bou Ali|10.3168,36.0012;10.3154,35.9949;10.3241,35.9936;10.3218,35.9857;10.3658,35.9793;10.3499,35.9711;10.3560,35.9678;10.3507,35.9600;10.3567,35.9468;10.4369,35.9114;10.4528,35.9090;10.4550,35.9158;10.4965,35.9414;10.5104,35.9361;10.5063,35.9569;10.5279,35.9691;10.5396,35.9646;10.5341,35.9732;10.4957,35.9710;10.4732,35.9843;10.4948,35.9911;10.4805,36.0001;10.4744,35.9982;10.4757,35.9913;10.4607,35.9988;10.4574,36.0105;10.4383,35.9956;10.4217,36.0141;10.4068,36.0063;10.4108,36.0019;10.4060,35.9989;10.3723,36.0295;10.3585,36.0284;10.3708,36.0120;10.3209,36.0195;10.3168,36.0012
Sidi Bou Rouis|9.0357,36.1830;9.0322,36.1588;9.0431,36.1372;9.0649,36.1338;9.0914,36.1151;9.1107,36.1196;9.1216,36.1024;9.1339,36.1011;9.1578,36.0848;9.1601,36.0913;9.1804,36.0985;9.1786,36.1098;9.1849,36.1090;9.1923,36.1198;9.2176,36.1128;9.2446,36.1280;9.2168,36.1772;9.2340,36.2080;9.2305,36.2131;9.2012,36.2335;9.1991,36.2497;9.1787,36.2677;9.1624,36.2729;9.1649,36.2608;9.1537,36.2607;9.1159,36.2935;9.0885,36.2651;9.0659,36.2582;9.0507,36.2333;9.0375,36.2266;9.0347,36.2171;9.0561,36.2027;9.0357,36.1830
Sidi Bouzid Est|9.6988,35.2007;9.6912,35.2116;9.6916,35.2307;9.6584,35.2425;9.6417,35.2607;9.6095,35.2667;9.6000,35.2796;9.5870,35.2848;9.5613,35.2680;9.5578,35.2596;9.5240,35.2534;9.4974,35.2345;9.4748,35.1712;9.4397,35.1640;9.4173,35.1725;9.4192,35.1459;9.4449,35.1485;9.4561,35.1615;9.4590,35.1498;9.5129,35.1479;9.4712,35.0708;9.4492,35.0665;9.4550,35.0618;9.4744,35.0657;9.4807,35.0555;9.4865,35.0637;9.5036,35.0527;9.4940,35.0431;9.5077,35.0380;9.4845,35.0271;9.4603,35.0299;9.4661,34.9703;9.4292,34.9483;9.4448,34.9390;9.4615,34.8600;9.5008,34.9029;9.5454,34.9204;9.5410,34.9275;9.5550,34.9632;9.5152,34.9678;9.5537,34.9747;9.5782,34.9642;9.6040,34.9890;9.6138,34.9802;9.6190,34.9839;9.6411,34.9759;9.6598,34.9768;9.7070,34.9517;9.7113,34.9580;9.7371,34.9626;9.7655,34.9847;9.7924,34.9922;9.7885,35.0202;9.7661,35.0515;9.7214,35.0820;9.7182,35.0979;9.7313,35.1086;9.6961,35.1184;9.7087,35.1415;9.6988,35.2007
Sidi Bouzid Ouest|9.3697,35.1687;9.3636,35.1298;9.2696,35.0202;9.3005,35.0140;9.3246,35.0200;9.3343,35.0287;9.3611,35.0020;9.3683,34.9611;9.3955,34.9326;9.3860,34.9236;9.3342,34.9087;9.3273,34.8832;9.3947,34.8456;9.4060,34.8143;9.4054,34.7883;9.4207,34.7847;9.4418,34.7939;9.4455,34.8178;9.4610,34.8483;9.4448,34.9390;9.4292,34.9483;9.4661,34.9703;9.4603,35.0299;9.4845,35.0271;9.5077,35.0380;9.4940,35.0431;9.5036,35.0527;9.4865,35.0637;9.4807,35.0555;9.4744,35.0657;9.4550,35.0618;9.4492,35.0665;9.4712,35.0708;9.5129,35.1479;9.4590,35.1498;9.4561,35.1615;9.4449,35.1485;9.4192,35.1459;9.4173,35.1725;9.4230,35.1849;9.3990,35.1844;9.3954,35.1633;9.3697,35.1687
Sidi El Béchir|10.1630,36.7935;10.1757,36.7751;10.1833,36.7767;10.1805,36.7835;10.1908,36.7848;10.1799,36.7950;10.1630,36.7935
Sidi El Hani|10.3073,35.5850;10.3159,35.5852;10.3237,35.6105;10.3316,35.6176;10.3587,35.6176;10.3644,35.6250;10.4095,35.6384;10.4412,35.6393;10.4232,35.6570;10.4366,35.6619;10.4333,35.6717;10.4132,35.6921;10.4020,35.6924;10.4004,35.7056;10.3812,35.7285;10.4085,35.7420;10.4456,35.7422;10.4309,35.7576;10.4146,35.7468;10.3948,35.7462;10.3968,35.7590;10.3763,35.7678;10.3671,35.7891;10.3350,35.8095;10.2734,35.8063;10.2289,35.8139;10.2286,35.7911;10.2160,35.7768;10.1978,35.7708;10.2142,35.7389;10.2128,35.7116;10.2310,35.7038;10.2527,35.6815;10.2701,35.6392;10.3073,35.5850
Sidi Hassine|10.1279,36.7874;10.0815,36.7745;10.0540,36.7736;10.0293,36.7619;10.0409,36.7453;10.0323,36.7396;10.0750,36.7241;10.0698,36.7061;10.0855,36.6952;10.1116,36.6928;10.1248,36.6945;10.1321,36.7023;10.1355,36.6990;10.1513,36.7118;10.1310,36.7254;10.1444,36.7358;10.1254,36.7588;10.1159,36.7603;10.1279,36.7874
Sidi Makhlouf|10.3414,33.5138;10.3419,33.4910;10.3787,33.4470;10.4073,33.4254;10.4227,33.4339;10.4337,33.4262;10.4550,33.3950;10.4595,33.3742;10.4902,33.3885;10.5184,33.3834;10.5264,33.3981;10.6400,33.4931;10.5863,33.5263;10.6402,33.5917;10.7006,33.6213;10.6985,33.6253;10.7157,33.6399;10.7308,33.6383;10.7451,33.6774;10.7359,33.6980;10.7236,33.7070;10.6976,33.7055;10.6433,33.6746;10.5712,33.6542;10.5692,33.6387;10.5801,33.6342;10.5945,33.6406;10.5871,33.6301;10.5722,33.6345;10.5544,33.6293;10.5628,33.6343;10.5681,33.6558;10.4941,33.6378;10.4870,33.6297;10.4929,33.6205;10.4697,33.6334;10.4432,33.6222;10.4368,33.6341;10.4248,33.6356;10.4155,33.6302;10.4183,33.6060;10.4127,33.6056;10.4064,33.5915;10.3921,33.5933;10.3717,33.5751;10.3602,33.5547;10.3600,33.5343;10.3414,33.5138
Sidi Thabet|10.0005,36.9180;10.0112,36.8971;10.0050,36.8809;9.9970,36.8772;9.9909,36.8580;9.9756,36.8588;9.9789,36.8466;9.9658,36.8414;9.9810,36.8384;9.9892,36.8522;10.0253,36.8480;10.0395,36.8539;10.0548,36.8708;10.0958,36.8772;10.1173,36.8895;10.0668,36.9772;10.0563,36.9640;10.0489,36.9744;10.0290,36.9834;10.0280,36.9698;10.0187,36.9668;10.0240,36.9626;10.0213,36.9495;10.0061,36.9379;10.0159,36.9372;10.0270,36.9215;10.0151,36.9146;10.0042,36.9285;10.0005,36.9180
Siliana Nord|9.2542,35.9021;9.2550,35.9154;9.2617,35.9217;9.2564,35.9409;9.2751,35.9627;9.2615,35.9767;9.2397,35.9860;9.2570,36.0071;9.2714,36.0006;9.2941,36.0244;9.2852,36.0350;9.3590,36.0703;9.3597,36.0771;9.3492,36.0834;9.3745,36.0843;9.3905,36.0762;9.4697,36.0930;9.5068,36.0889;9.4957,36.1085;9.5022,36.1184;9.4928,36.1398;9.4722,36.1467;9.4585,36.1398;9.4316,36.1405;9.4145,36.1569;9.3708,36.1505;9.3514,36.1577;9.3323,36.1404;9.3224,36.1395;9.3154,36.1533;9.2903,36.1344;9.2767,36.1339;9.2773,36.1408;9.2457,36.1358;9.2406,36.1339;9.2446,36.1280;9.2176,36.1128;9.1923,36.1198;9.1849,36.1090;9.1786,36.1098;9.1804,36.0985;9.1601,36.0913;9.1567,36.0831;9.1605,36.0792;9.1557,36.0683;9.1636,36.0586;9.1533,36.0342;9.1708,36.0234;9.1574,36.0120;9.1693,36.0059;9.1434,35.9886;9.1458,35.9570;9.1706,35.9292;9.1838,35.9246;9.1869,35.9299;9.2230,35.9298;9.2378,35.9158;9.2340,35.9119;9.2449,35.9125;9.2542,35.9021
Siliana Sud|9.2988,35.8782;9.3179,35.8468;9.3255,35.8485;9.3518,35.8840;9.3636,35.8678;9.3934,35.8569;9.4019,35.8808;9.3944,35.9024;9.4263,35.9173;9.4346,35.9111;9.4364,35.8915;9.4563,35.8927;9.4760,35.8772;9.4930,35.8727;9.4874,35.9045;9.4913,35.9104;9.5176,35.9123;9.5238,35.9219;9.6024,35.9739;9.5880,35.9736;9.5852,35.9854;9.5644,35.9980;9.5381,35.9850;9.5260,35.9854;9.5318,36.0108;9.5219,36.0196;9.4756,36.0225;9.4965,36.0650;9.5115,36.0742;9.5068,36.0889;9.4697,36.0930;9.3905,36.0762;9.3745,36.0843;9.3492,36.0834;9.3597,36.0771;9.3590,36.0703;9.2852,36.0350;9.2941,36.0244;9.2870,36.0166;9.2714,36.0006;9.2570,36.0071;9.2397,35.9860;9.2615,35.9767;9.2751,35.9627;9.2564,35.9409;9.2617,35.9217;9.2550,35.9154;9.2542,35.9021;9.3049,35.8897;9.3097,35.8860;9.2988,35.8782
Skhira|9.7111,34.2815;9.7549,34.2201;9.8186,34.2204;9.8160,34.2293;9.8252,34.2381;9.8520,34.2277;9.8545,34.2158;9.8652,34.2068;9.8636,34.1987;9.8916,34.1791;9.8969,34.1683;9.9222,34.1783;9.9176,34.1857;9.9220,34.1966;9.9343,34.2062;9.9659,34.2111;10.0011,34.1882;10.0165,34.1909;10.0281,34.1764;10.0344,34.1816;10.0281,34.1738;10.0365,34.1776;10.0293,34.1728;10.0371,34.1763;10.0336,34.1680;10.0434,34.1886;10.0430,34.2064;10.0291,34.2062;10.0406,34.2118;10.0378,34.2215;10.0516,34.2248;10.0437,34.2056;10.0490,34.2089;10.0931,34.2867;10.1222,34.3174;10.1403,34.3225;10.1460,34.3168;10.1402,34.3249;10.1574,34.3288;10.1578,34.3226;10.1576,34.3294;10.1702,34.3260;10.1736,34.3386;10.1800,34.3351;10.1976,34.3867;10.1544,34.4221;10.1266,34.4259;10.1136,34.4460;10.1096,34.4837;10.0980,34.5100;10.0598,34.5258;10.0471,34.5224;10.0076,34.4867;9.9966,34.4901;9.9476,34.4500;9.9358,34.4506;9.9244,34.4678;9.9168,34.4594;9.9208,34.4317;9.8984,34.4206;9.8875,34.3968;9.8591,34.3702;9.8321,34.3634;9.8010,34.3649;9.7795,34.3585;9.7644,34.3460;9.7231,34.3372;9.7201,34.3331;9.7413,34.3159;9.7615,34.2744;9.7111,34.2815
Smâr|11.1812,32.3063;11.2567,32.3300;11.2879,32.3522;11.3087,32.3565;11.3354,32.3730;11.3420,32.3876;11.3255,32.3985;11.2257,32.3767;11.2023,32.4081;11.1445,32.5330;11.0964,32.6587;11.0848,32.6756;11.1267,32.7177;11.1217,32.7753;11.1097,32.8150;11.1153,32.8659;11.0926,32.9133;11.0398,32.9964;11.0379,33.0224;11.0216,33.0345;11.0335,33.0535;11.0363,33.0951;11.0163,33.0898;11.0059,33.0790;10.8976,33.0933;10.8722,33.0826;10.8552,33.0890;10.7585,33.0954;10.7421,33.1022;10.7200,33.0980;10.6832,33.0700;10.7382,33.0587;10.7116,33.0329;10.7141,33.0003;10.7509,32.9780;10.7475,32.9674;10.7809,32.9831;10.8287,32.9904;10.8460,32.9780;10.8525,32.9610;10.7569,32.9558;10.7481,32.9501;10.7583,32.9126;10.7719,32.8893;10.8058,32.8760;10.7559,32.8717;10.7347,32.8293;10.6837,32.7974;10.7861,32.7406;10.8168,32.7097;10.8947,32.6771;10.9561,32.5723;11.0153,32.5095;11.0315,32.4741;11.0861,32.4109;11.0991,32.3867;11.1503,32.3486;11.1812,32.3063
Sned|9.0553,34.3812;9.0923,34.3796;9.1376,34.3939;9.2056,34.4001;9.2437,34.4288;9.2535,34.4292;9.2753,34.4556;9.3009,34.4555;9.3174,34.4656;9.3171,34.4895;9.3236,34.4992;9.3102,34.5016;9.3381,34.5294;9.3347,34.5431;9.3502,34.5630;9.3478,34.5675;9.3142,34.5523;9.3061,34.5577;9.3129,34.5653;9.2965,34.5663;9.2931,34.5804;9.2703,34.5684;9.2548,34.5787;9.2776,34.6247;9.2717,34.6455;9.2819,34.6602;9.2683,34.6707;9.2632,34.6838;9.2278,34.7083;9.1962,34.7061;9.1905,34.6930;9.1537,34.7058;9.1200,34.6689;9.1060,34.6408;9.1111,34.6326;9.0992,34.6246;9.0951,34.6124;9.0529,34.6245;9.0540,34.6081;9.0172,34.5755;8.9703,34.4986;9.0036,34.4569;9.0090,34.4371;9.0286,34.4202;9.0553,34.3812
Soliman|10.4039,36.7013;10.4344,36.6951;10.4379,36.6882;10.4635,36.6882;10.4923,36.6684;10.5236,36.6348;10.5509,36.6485;10.5429,36.6526;10.5543,36.6616;10.5411,36.6691;10.5638,36.6822;10.5490,36.7086;10.5623,36.7200;10.5615,36.7299;10.5745,36.7239;10.6117,36.7300;10.6137,36.7449;10.5975,36.7451;10.5920,36.7549;10.6058,36.7708;10.5896,36.7961;10.5953,36.8359;10.5829,36.8388;10.5869,36.8640;10.5823,36.8502;10.5693,36.8431;10.5624,36.7974;10.5547,36.7934;10.5509,36.7718;10.5369,36.7575;10.4176,36.7166;10.4039,36.7013
Souk El Ahad|8.6477,34.0608;8.6481,34.0506;8.6300,34.0151;8.6048,33.9937;8.5467,33.9237;8.4472,33.8606;8.4324,33.8415;8.3823,33.8031;8.4944,33.7644;8.4985,33.7582;8.5909,33.7297;8.6165,33.7284;8.6114,33.7214;8.6229,33.7129;8.6702,33.7156;8.6690,33.7067;8.6846,33.6954;8.7372,33.7465;8.8099,33.7387;8.8004,33.7572;8.8489,33.7483;8.8533,33.7527;8.8507,33.7699;8.8459,33.7703;8.8593,33.7763;8.8466,33.7837;8.8617,33.8148;8.9181,33.8615;9.0259,34.0069;9.0365,34.0076;9.0986,34.0498;9.0939,34.0708;9.1033,34.0840;9.1057,34.1037;9.1259,34.1273;9.1354,34.1657;9.0168,34.1221;8.9571,34.1158;8.9124,34.1221;8.8554,34.1206;8.8544,34.0998;8.8444,34.0950;8.8004,34.0918;8.7611,34.0968;8.6958,34.0862;8.6797,34.0889;8.6537,34.0787;8.6477,34.0608
Souk Jedid|9.6314,34.7857;9.6265,34.8216;9.6378,34.8297;9.6311,34.8511;9.6393,34.8603;9.6287,34.8694;9.6452,34.8780;9.6376,34.8879;9.6471,34.8963;9.6614,34.9304;9.7030,34.9522;9.6598,34.9768;9.6411,34.9759;9.6190,34.9839;9.6138,34.9802;9.6040,34.9890;9.5782,34.9642;9.5537,34.9747;9.5152,34.9678;9.5550,34.9632;9.5410,34.9275;9.5454,34.9204;9.5008,34.9029;9.4615,34.8600;9.4418,34.7939;9.4207,34.7847;9.4054,34.7883;9.4042,34.7795;9.4149,34.7704;9.4524,34.7768;9.5273,34.7652;9.5522,34.7750;9.5594,34.7565;9.5745,34.7458;9.6121,34.7611;9.6314,34.7857
Sousse Jaouhara|10.5830,35.8395;10.6143,35.8025;10.6347,35.8218;10.6317,35.8318;10.6038,35.8540;10.5830,35.8395
Sousse Médina|10.6347,35.8218;10.6497,35.8070;10.6480,35.8248;10.6436,35.8212;10.6420,35.8274;10.6524,35.8266;10.6272,35.8452;10.6138,35.8653;10.6023,35.8553;10.6317,35.8318;10.6347,35.8218
Sousse Riadh|10.5753,35.7836;10.6143,35.8025;10.5913,35.8252;10.5805,35.8049;10.5493,35.7893;10.5753,35.7836
Sousse Sidi Abdelhamid|10.6143,35.8025;10.6428,35.7927;10.6516,35.7953;10.6584,35.7709;10.6867,35.7885;10.6497,35.8070;10.6347,35.8218;10.6143,35.8025
Séjoumi|10.1482,36.7922;10.1588,36.7905;10.1703,36.7693;10.1757,36.7751;10.1682,36.7797;10.1707,36.7851;10.1611,36.8003;10.1486,36.7977;10.1482,36.7922
Tabarka|8.9186,36.8080;8.9500,36.8433;8.9722,36.8427;8.9876,36.8500;8.9942,36.8589;8.9889,36.8753;8.9994,36.8757;9.0010,36.8858;8.9703,36.9068;8.9278,36.9236;8.9330,36.9445;8.9437,36.9504;8.9338,36.9573;8.9197,36.9921;8.8846,37.0086;8.8391,36.9770;8.7811,36.9529;8.7647,36.9533;8.7626,36.9605;8.7597,36.9562;8.7647,36.9601;8.7602,36.9670;8.7558,36.9579;8.7411,36.9697;8.7141,36.9622;8.7116,36.9674;8.6421,36.9409;8.6428,36.9296;8.6540,36.9157;8.6643,36.9163;8.6690,36.9047;8.6812,36.9007;8.6911,36.9088;8.6998,36.8987;8.6917,36.8769;8.6813,36.8698;8.7114,36.8517;8.7196,36.8623;8.7552,36.8406;8.7831,36.8460;8.7978,36.8404;8.8475,36.8678;8.8679,36.8602;8.8742,36.8489;8.8695,36.8256;8.8758,36.8149;8.8924,36.8072;8.9186,36.8080
Tajerouine|8.5370,35.8178;8.5421,35.8515;8.5831,35.8517;8.6012,35.8424;8.6130,35.8614;8.6017,35.8666;8.6450,35.8888;8.7119,35.8796;8.7305,35.8915;8.7251,35.8993;8.7374,35.9226;8.7336,35.9364;8.7155,35.9706;8.6962,35.9839;8.6891,36.0038;8.7023,36.0219;8.6961,36.0242;8.6998,36.0380;8.6926,36.0491;8.6933,36.0681;8.6983,36.0700;8.6936,36.0806;8.6778,36.0894;8.6091,36.1055;8.5934,36.0927;8.5899,36.0961;8.5697,36.0866;8.5596,36.0967;8.5490,36.0949;8.5446,36.1049;8.5124,36.1063;8.4954,36.1161;8.4892,36.1019;8.4775,36.0982;8.4854,36.0915;8.4830,36.0870;8.4636,36.0812;8.4623,36.0743;8.4707,36.0707;8.4676,36.0633;8.4813,36.0607;8.4672,36.0548;8.4757,36.0423;8.4580,36.0328;8.4473,36.0134;8.4305,36.0005;8.3777,35.9781;8.3652,35.9502;8.3872,35.9331;8.3930,35.9137;8.3871,35.9009;8.3910,35.8829;8.3826,35.8712;8.3968,35.8622;8.3958,35.8566;8.4473,35.8282;8.4794,35.8310;8.5042,35.8180;8.5370,35.8178
Takelsa|10.6101,36.7275;10.6462,36.7078;10.6675,36.6822;10.6837,36.6761;10.6880,36.6963;10.6834,36.7057;10.6980,36.7333;10.7715,36.8042;10.7727,36.8161;10.7652,36.8254;10.7742,36.8310;10.7700,36.8363;10.7811,36.8547;10.7979,36.8592;10.7993,36.8687;10.8070,36.8672;10.8054,36.8865;10.7659,36.9103;10.6938,36.8783;10.6588,36.8843;10.6247,36.8759;10.6091,36.8822;10.6125,36.8739;10.5869,36.8640;10.5829,36.8388;10.5953,36.8359;10.5896,36.7961;10.6058,36.7708;10.5920,36.7549;10.5975,36.7451;10.6137,36.7449;10.6101,36.7275
Tameghza|8.1182,34.4859;8.1352,34.5321;8.1203,34.5242;8.1156,34.5123;8.0831,34.5158;8.0849,34.5113;8.0710,34.5032;8.0720,34.4969;8.0430,34.4934;8.0112,34.4581;7.9533,34.4474;7.9506,34.4395;7.9314,34.4283;7.9368,34.4227;7.9327,34.4199;7.8898,34.4160;7.8756,34.4067;7.8565,34.4053;7.8535,34.3558;7.8133,34.2433;7.8160,34.2135;7.7328,34.1698;7.6552,34.1974;7.6193,34.1398;7.6141,34.1137;7.5796,34.0988;7.5908,34.0957;7.5810,34.0864;7.5321,34.0703;7.5346,34.0526;7.7518,34.1077;7.8296,34.1146;7.8643,34.1332;7.8865,34.1198;7.9779,34.1284;8.0114,34.1442;8.0280,34.1661;8.0483,34.1804;8.0407,34.1876;8.0312,34.1868;8.0313,34.1998;8.0048,34.2184;7.9413,34.3109;7.9781,34.2899;8.0649,34.3021;8.0417,34.3285;8.0952,34.3989;8.0779,34.4166;8.1012,34.4477;8.1182,34.4859
Tataouine Nord|10.6073,33.1088;10.6056,33.0805;10.5561,33.0826;10.5399,33.0749;10.5217,33.0797;10.5114,33.0747;10.5097,33.0621;10.4775,33.0511;10.4449,33.0221;10.4481,33.0131;10.4267,33.0061;10.4266,33.0111;10.4083,33.0188;10.3623,32.9957;10.3430,32.9940;10.3417,32.9847;10.3525,32.9864;10.3766,32.9582;10.3688,32.9537;10.3929,32.9231;10.4201,32.9186;10.4285,32.9336;10.4373,32.9262;10.4530,32.9440;10.4496,32.9288;10.4630,32.9122;10.4748,32.9145;10.5199,32.8978;10.5212,32.8654;10.5049,32.8524;10.5024,32.8286;10.4530,32.8260;10.4513,32.7820;10.4373,32.7632;10.4280,32.7269;10.4120,32.7138;10.4130,32.6749;10.4003,32.5814;10.4360,32.5858;10.4730,32.5668;10.5623,32.5032;10.5786,32.4822;10.6003,32.4773;10.6401,32.4872;10.8020,32.4951;10.7808,32.4627;10.7882,32.4450;10.8306,32.3674;10.9000,32.3064;10.9740,32.2964;11.0868,32.3092;11.1521,32.3120;11.1812,32.3063;11.1503,32.3486;11.0991,32.3867;11.0861,32.4109;11.0315,32.4741;11.0153,32.5095;10.9561,32.5723;10.8947,32.6771;10.8168,32.7097;10.7861,32.7406;10.6837,32.7974;10.7347,32.8293;10.7559,32.8717;10.8058,32.8760;10.7719,32.8893;10.7583,32.9126;10.7481,32.9501;10.7569,32.9558;10.8525,32.9610;10.8460,32.9780;10.8287,32.9904;10.7809,32.9831;10.7475,32.9674;10.7509,32.9780;10.7141,33.0003;10.7116,33.0329;10.7382,33.0587;10.6832,33.0700;10.7200,33.0980;10.6073,33.1088
Tataouine Sud|10.3929,32.9231;10.3361,32.9558;10.2801,32.9765;10.2662,32.9594;10.2090,32.9685;10.0776,32.9699;10.0117,32.9773;9.9960,32.9640;9.9453,32.9576;9.9310,32.9416;9.9382,32.9341;9.9328,32.9229;9.9408,32.9176;9.9473,32.8814;9.9714,32.8556;9.9431,32.8152;9.9293,32.8195;9.9123,32.8108;9.9127,32.7941;9.9242,32.7801;9.9234,32.7635;9.9024,32.7520;9.8954,32.7400;9.8799,32.7352;9.8975,32.7281;9.9127,32.7095;9.9631,32.6849;9.9640,32.6600;9.9505,32.6476;9.9882,32.6206;9.9657,32.5870;9.9900,32.5759;10.0046,32.5842;10.0234,32.5778;10.0429,32.5786;10.0578,32.5881;10.0890,32.5839;10.1449,32.6079;10.2311,32.6088;10.2485,32.6173;10.2745,32.6166;10.2893,32.6278;10.3429,32.6189;10.3537,32.5924;10.3700,32.5802;10.4003,32.5814;10.4130,32.6749;10.4120,32.7138;10.4280,32.7269;10.4373,32.7632;10.4513,32.7820;10.4530,32.8260;10.5024,32.8286;10.5049,32.8524;10.5212,32.8654;10.5215,32.8757;10.5199,32.8978;10.4748,32.9145;10.4630,32.9122;10.4496,32.9288;10.4530,32.9440;10.4373,32.9262;10.4285,32.9336;10.4201,32.9186;10.3929,32.9231
Tebourba|9.5881,36.8568;9.5663,36.8413;9.5854,36.8076;9.6165,36.7766;9.6275,36.7808;9.6300,36.7936;9.6427,36.8035;9.6582,36.7808;9.7145,36.7942;9.7170,36.8080;9.7755,36.8244;9.8062,36.8154;9.8105,36.8288;9.8321,36.8286;9.8260,36.8182;9.8482,36.8083;9.8537,36.8178;9.8673,36.8119;9.8671,36.8176;9.8884,36.8217;9.8973,36.8300;9.8911,36.8444;9.8602,36.8704;9.8842,36.9170;9.8577,36.9349;9.8516,36.9574;9.8256,36.9717;9.8132,36.9630;9.8127,36.9402;9.8058,36.9428;9.7893,36.9342;9.7676,36.8914;9.7399,36.8895;9.7133,36.9021;9.6922,36.8839;9.6767,36.8840;9.6349,36.8570;9.6253,36.8674;9.5881,36.8568
Testour|9.5375,36.4495;9.5516,36.4835;9.5259,36.5002;9.5533,36.5191;9.5569,36.5380;9.5682,36.5349;9.5926,36.5419;9.6230,36.5656;9.6279,36.5767;9.5744,36.5902;9.5729,36.5985;9.5482,36.6105;9.5435,36.6354;9.5308,36.6558;9.5054,36.6603;9.4814,36.7323;9.4714,36.7258;9.4195,36.7332;9.4010,36.7234;9.3759,36.7468;9.3674,36.7249;9.3417,36.7078;9.3487,36.6945;9.3305,36.6814;9.3232,36.6666;9.3296,36.6551;9.3228,36.6390;9.3064,36.6355;9.2981,36.6173;9.2898,36.6277;9.2761,36.6189;9.2658,36.6254;9.2503,36.5942;9.2322,36.5815;9.2364,36.5641;9.2490,36.5567;9.2604,36.5647;9.2904,36.5630;9.3038,36.5409;9.3371,36.5363;9.3258,36.5053;9.3342,36.4916;9.3478,36.4877;9.3497,36.4746;9.3415,36.4647;9.3612,36.4393;9.3955,36.4422;9.4304,36.4625;9.4528,36.4597;9.4633,36.4497;9.5094,36.4638;9.5375,36.4495
Thala|8.7976,35.7761;8.7709,35.7840;8.7587,35.7744;8.7141,35.7723;8.7086,35.7891;8.6846,35.7833;8.6673,35.7878;8.6663,35.7594;8.6503,35.7506;8.6364,35.7549;8.6319,35.7431;8.6172,35.7477;8.6187,35.7313;8.6268,35.7246;8.6224,35.7023;8.6304,35.6856;8.6177,35.6755;8.6150,35.6598;8.5879,35.6501;8.6055,35.6387;8.6019,35.6267;8.5896,35.6185;8.6002,35.6075;8.5979,35.5980;8.5579,35.6047;8.5537,35.5916;8.5710,35.5493;8.5641,35.5088;8.5930,35.5020;8.6384,35.4793;8.6457,35.4409;8.6668,35.4137;8.6904,35.4124;8.7004,35.4285;8.7388,35.4061;8.7332,35.3832;8.7565,35.3883;8.7618,35.3817;8.8116,35.3734;8.8212,35.3625;8.8033,35.4162;8.8070,35.4476;8.8005,35.4562;8.8089,35.4721;8.8066,35.5042;8.7584,35.5686;8.7854,35.6095;8.7818,35.6390;8.7918,35.6780;8.8366,35.6838;8.8396,35.6992;8.8259,35.7057;8.8352,35.7324;8.8252,35.7356;8.8290,35.7530;8.7976,35.7761
Thyna|10.6411,34.7301;10.6282,34.7291;10.6153,34.7172;10.6182,34.7028;10.5869,34.6975;10.6196,34.6847;10.6279,34.6646;10.6425,34.6511;10.6726,34.6290;10.7147,34.6403;10.7354,34.6576;10.7296,34.6614;10.7479,34.6892;10.6951,34.7349;10.6411,34.7301
Tibar|9.0759,36.5982;9.0676,36.5817;9.0768,36.5508;9.0675,36.5406;9.0753,36.5265;9.0664,36.5262;9.0431,36.5055;9.0507,36.5021;9.0438,36.4909;9.0520,36.4768;9.0444,36.4630;9.0162,36.4634;9.0334,36.4440;9.0681,36.4348;9.0815,36.4519;9.1215,36.4583;9.1433,36.4742;9.1462,36.4859;9.1605,36.4980;9.1528,36.5142;9.1701,36.5285;9.1695,36.5364;9.1585,36.5420;9.1290,36.5377;9.1179,36.5606;9.1044,36.5696;9.0967,36.5980;9.0925,36.5929;9.0847,36.6012;9.0759,36.5982
Tinja|9.7783,37.0889;9.7792,37.1130;9.7696,37.1374;9.7725,37.1534;9.7877,37.1751;9.7819,37.1861;9.7583,37.1710;9.7487,37.1379;9.7321,37.1205;9.7073,37.1232;9.7003,37.1276;9.6978,37.1408;9.6810,37.1363;9.6704,37.1429;9.6626,37.1357;9.6278,37.1310;9.6152,37.1199;9.6288,37.1114;9.7203,37.1128;9.7175,37.0720;9.7432,37.0834;9.7553,37.0768;9.7783,37.0889
Tozeur|8.0280,34.1661;8.0114,34.1442;7.9779,34.1284;7.9750,33.9753;7.9634,33.9411;7.9661,33.9312;7.9605,33.9301;7.9618,33.9252;8.0072,33.9352;8.0232,33.8867;8.0079,33.8666;8.0106,33.8556;8.0533,33.8016;8.0903,33.7358;8.1448,33.6601;8.2245,33.7177;8.3178,33.7568;8.2137,33.9096;8.1942,33.9635;8.1868,33.9579;8.1790,33.9747;8.1562,33.9777;8.1500,33.9929;8.1390,33.9874;8.0977,34.0349;8.0855,34.0896;8.0280,34.1661
Téboulba|10.9249,35.6508;10.9344,35.6464;10.9349,35.6233;10.9559,35.6155;10.9728,35.6178;10.9792,35.6259;10.9957,35.6231;11.0066,35.6359;10.9814,35.6546;10.9547,35.6581;10.9582,35.6616;10.9285,35.6641;10.9340,35.6597;10.9249,35.6508
Téboursouk|9.3612,36.4393;9.3415,36.4647;9.3497,36.4746;9.3478,36.4877;9.3342,36.4916;9.3258,36.5053;9.3371,36.5363;9.3038,36.5409;9.2904,36.5630;9.2604,36.5647;9.2490,36.5567;9.2364,36.5641;9.2322,36.5815;9.2283,36.5666;9.2000,36.5391;9.1695,36.5364;9.1701,36.5285;9.1528,36.5142;9.1605,36.4980;9.1462,36.4859;9.1433,36.4742;9.1215,36.4583;9.0815,36.4519;9.0679,36.4378;9.0889,36.4195;9.0903,36.4125;9.0818,36.4068;9.0861,36.4027;9.0984,36.4035;9.1132,36.3949;9.1134,36.3657;9.1316,36.3636;9.1730,36.3844;9.1937,36.3717;9.2427,36.3698;9.2459,36.3741;9.2577,36.3665;9.2701,36.3354;9.2864,36.3598;9.3425,36.3906;9.3407,36.4031;9.3620,36.4191;9.3612,36.4393
Utique|9.8256,36.9717;9.8373,36.9619;9.8626,36.9549;9.9269,36.9532;9.9437,36.9146;9.9799,36.9264;10.0005,36.9180;10.0042,36.9285;10.0169,36.9145;10.0270,36.9215;10.0159,36.9372;10.0061,36.9379;10.0213,36.9495;10.0240,36.9626;10.0187,36.9668;10.0280,36.9698;10.0290,36.9834;10.0660,37.0067;10.0745,37.0195;10.0945,37.0655;10.0884,37.0837;10.0942,37.0952;10.1237,37.1136;10.1312,37.1076;10.1568,37.1152;10.1618,37.1089;10.1805,37.1066;10.2163,37.1112;10.2107,37.1408;10.2201,37.1527;10.2063,37.1409;10.2149,37.1123;10.1904,37.1114;10.1737,37.1213;10.1816,37.1292;10.1579,37.1251;10.1421,37.1298;10.1426,37.1357;10.1357,37.1369;10.1384,37.1417;10.1315,37.1432;10.1092,37.1371;10.0989,37.1255;10.0579,37.1216;10.0332,37.1110;10.0177,37.0992;10.0041,37.0748;9.9945,37.1100;9.9843,37.1017;9.9632,37.1154;9.9184,37.0986;9.8687,37.0661;9.8614,37.0479;9.8298,37.0477;9.8384,37.0431;9.8469,37.0240;9.8301,37.0269;9.8328,36.9856;9.8304,36.9791;9.8232,36.9805;9.8256,36.9717
Zaghouan|10.3772,36.3192;10.3662,36.3492;10.3753,36.3591;10.3669,36.3659;10.3673,36.3829;10.3444,36.4235;10.3449,36.4447;10.3516,36.4533;10.3455,36.4669;10.3528,36.4779;10.3477,36.4879;10.2902,36.4648;10.2797,36.4467;10.2692,36.4551;10.2533,36.4511;10.2523,36.4705;10.2708,36.5034;10.2560,36.5080;10.2212,36.5078;10.1988,36.5124;10.1929,36.5191;10.1762,36.4992;10.1415,36.4813;10.0826,36.4847;10.0631,36.4486;10.0674,36.4379;10.0493,36.4093;10.0128,36.4099;10.0039,36.3984;10.0099,36.3928;10.0100,36.3653;10.0166,36.3569;10.0018,36.3253;10.0112,36.3147;10.0378,36.3043;10.0584,36.3052;10.1060,36.3416;10.1178,36.3583;10.1667,36.3909;10.1852,36.3814;10.1903,36.3654;10.2340,36.3872;10.2380,36.4010;10.2539,36.4008;10.2697,36.3736;10.3499,36.3541;10.3492,36.3419;10.3772,36.3192
Zaouiet Ksibet Thrayet|10.6234,35.7330;10.6344,35.7338;10.6442,35.7430;10.6680,35.7416;10.6757,35.7572;10.6699,35.7715;10.6803,35.7813;10.6584,35.7709;10.6516,35.7953;10.6428,35.7927;10.6143,35.8025;10.5753,35.7836;10.5817,35.7689;10.6044,35.7797;10.6087,35.7755;10.6038,35.7667;10.6223,35.7653;10.6149,35.7533;10.6036,35.7575;10.6234,35.7330
Zarzis|10.7724,33.3743;10.8020,33.3701;10.9276,33.3165;10.9629,33.3221;10.9897,33.3069;11.0052,33.3173;11.0516,33.2993;11.0574,33.2900;11.1099,33.2897;11.1233,33.2958;11.1291,33.3154;11.1593,33.3191;11.2942,33.2779;11.2398,33.3068;11.1749,33.3295;11.1681,33.3470;11.1353,33.3702;11.1163,33.3575;11.0958,33.3598;11.0977,33.3662;11.1124,33.3641;11.1226,33.3742;11.1178,33.3897;11.1300,33.3787;11.1381,33.3868;11.1120,33.4071;11.1146,33.3957;11.1091,33.4049;11.1102,33.3976;11.0925,33.4356;11.0943,33.4559;11.1061,33.4757;11.1121,33.4702;11.1205,33.4818;11.1120,33.4907;11.1208,33.4910;11.1158,33.4916;11.1200,33.4954;11.1314,33.4797;11.1179,33.5023;11.1077,33.5576;11.0477,33.6248;11.0254,33.6269;10.9931,33.6508;11.0049,33.6385;10.9911,33.6401;10.9875,33.6362;10.9953,33.6361;10.9933,33.6253;10.9728,33.6222;10.9459,33.6281;10.9273,33.6549;10.9457,33.6263;10.9215,33.6198;10.9117,33.6069;10.9270,33.5995;10.9486,33.5648;10.9250,33.5288;10.8511,33.5095;10.8275,33.4964;10.8067,33.4950;10.7999,33.4835;10.7863,33.4818;10.7830,33.4719;10.7821,33.4771;10.7801,33.4727;10.7667,33.4748;10.7676,33.4557;10.7576,33.4455;10.7593,33.4270;10.7500,33.4004;10.7663,33.3828;10.7747,33.3823;10.7724,33.3743
Zarzouna|9.9139,37.2563;9.8932,37.2640;9.8904,37.2752;9.8884,37.2683;9.8841,37.2714;9.8707,37.2637;9.8681,37.2544;9.8801,37.2445;9.8907,37.2442;9.8974,37.2494;9.9092,37.2467;9.9139,37.2563
Zriba|10.3150,36.2131;10.3447,36.2361;10.3628,36.2302;10.3779,36.2358;10.3807,36.2562;10.3892,36.2640;10.3620,36.2721;10.3570,36.2817;10.3771,36.2831;10.3903,36.3055;10.3815,36.3074;10.3786,36.3207;10.3492,36.3419;10.3499,36.3541;10.2697,36.3736;10.2539,36.4008;10.2380,36.4010;10.2340,36.3872;10.1903,36.3654;10.1852,36.3814;10.1667,36.3909;10.1178,36.3583;10.1060,36.3416;10.0584,36.3052;10.0637,36.2645;10.0914,36.2581;10.0923,36.2440;10.1193,36.2411;10.1182,36.2673;10.1034,36.2821;10.1210,36.2944;10.1886,36.2709;10.1863,36.2873;10.1975,36.2908;10.2161,36.2672;10.2520,36.2446;10.2584,36.2313;10.2793,36.2343;10.2793,36.2178;10.2947,36.2199;10.3010,36.2121;10.3150,36.2131
Zéramdine|10.5000,35.5568;10.4931,35.5198;10.4999,35.4816;10.5277,35.4849;10.5379,35.4707;10.5466,35.4724;10.5428,35.4781;10.5513,35.4733;10.5457,35.4804;10.5578,35.4746;10.5508,35.4878;10.5552,35.4930;10.5835,35.5024;10.6085,35.4961;10.6170,35.4744;10.6396,35.5026;10.6823,35.5042;10.6762,35.5085;10.6791,35.5130;10.6970,35.5111;10.7168,35.5243;10.7244,35.5212;10.7374,35.5327;10.7407,35.5514;10.7560,35.5640;10.7530,35.5698;10.7614,35.5866;10.7446,35.5860;10.7222,35.6091;10.7200,35.6231;10.6984,35.6262;10.6861,35.6128;10.6601,35.6051;10.6613,35.5783;10.6178,35.5556;10.5929,35.6241;10.5690,35.6498;10.5596,35.6283;10.5319,35.6095;10.5231,35.5923;10.5389,35.5717;10.5000,35.5568